period,category_id,category_name,ratio,data_source
2025-09-09,50000193,마스크/팩,44.8601,DEMO_SIMULATION
2025-09-10,50000193,마스크/팩,44.9253,DEMO_SIMULATION
2025-09-11,50000193,마스크/팩,44.4857,DEMO_SIMULATION
2025-09-12,50000193,마스크/팩,45.7256,DEMO_SIMULATION
2025-09-13,50000193,마스크/팩,47.6786,DEMO_SIMULATION
2025-09-14,50000193,마스크/팩,55.7955,DEMO_SIMULATION
2025-09-15,50000193,마스크/팩,54.5661,DEMO_SIMULATION
2025-09-16,50000193,마스크/팩,47.807,DEMO_SIMULATION
2025-09-17,50000193,마스크/팩,47.4672,DEMO_SIMULATION
2025-09-18,50000193,마스크/팩,44.7896,DEMO_SIMULATION
2025-09-19,50000193,마스크/팩,48.0796,DEMO_SIMULATION
2025-09-20,50000193,마스크/팩,44.3919,DEMO_SIMULATION
2025-09-21,50000193,마스크/팩,52.1688,DEMO_SIMULATION
2025-09-22,50000193,마스크/팩,56.3525,DEMO_SIMULATION
2025-09-23,50000193,마스크/팩,45.5868,DEMO_SIMULATION
2025-09-24,50000193,마스크/팩,46.0271,DEMO_SIMULATION
2025-09-25,50000193,마스크/팩,49.2084,DEMO_SIMULATION
2025-09-26,50000193,마스크/팩,43.4766,DEMO_SIMULATION
2025-09-27,50000193,마스크/팩,46.3187,DEMO_SIMULATION
2025-09-28,50000193,마스크/팩,51.0514,DEMO_SIMULATION
2025-09-29,50000193,마스크/팩,50.6515,DEMO_SIMULATION
2025-09-30,50000193,마스크/팩,50.8537,DEMO_SIMULATION
2025-10-01,50000193,마스크/팩,61.8526,DEMO_SIMULATION
2025-10-02,50000193,마스크/팩,60.5731,DEMO_SIMULATION
2025-10-03,50000193,마스크/팩,58.6594,DEMO_SIMULATION
2025-10-04,50000193,마스크/팩,64.6299,DEMO_SIMULATION
2025-10-05,50000193,마스크/팩,69.3265,DEMO_SIMULATION
2025-10-06,50000193,마스크/팩,66.5725,DEMO_SIMULATION
2025-10-07,50000193,마스크/팩,59.014,DEMO_SIMULATION
2025-10-08,50000193,마스크/팩,66.2002,DEMO_SIMULATION
2025-10-09,50000193,마스크/팩,66.1911,DEMO_SIMULATION
2025-10-10,50000193,마스크/팩,57.8762,DEMO_SIMULATION
2025-10-11,50000193,마스크/팩,66.7854,DEMO_SIMULATION
2025-10-12,50000193,마스크/팩,68.0123,DEMO_SIMULATION
2025-10-13,50000193,마스크/팩,69.2016,DEMO_SIMULATION
2025-10-14,50000193,마스크/팩,57.9022,DEMO_SIMULATION
2025-10-15,50000193,마스크/팩,59.4854,DEMO_SIMULATION
2025-10-16,50000193,마스크/팩,62.132,DEMO_SIMULATION
2025-10-17,50000193,마스크/팩,62.9245,DEMO_SIMULATION
2025-10-18,50000193,마스크/팩,66.8744,DEMO_SIMULATION
2025-10-19,50000193,마스크/팩,68.2886,DEMO_SIMULATION
2025-10-20,50000193,마스크/팩,73.5841,DEMO_SIMULATION
2025-10-21,50000193,마스크/팩,60.2657,DEMO_SIMULATION
2025-10-22,50000193,마스크/팩,62.1155,DEMO_SIMULATION
2025-10-23,50000193,마스크/팩,58.0282,DEMO_SIMULATION
2025-10-24,50000193,마스크/팩,62.1437,DEMO_SIMULATION
2025-10-25,50000193,마스크/팩,63.8256,DEMO_SIMULATION
2025-10-26,50000193,마스크/팩,67.9653,DEMO_SIMULATION
2025-10-27,50000193,마스크/팩,73.0128,DEMO_SIMULATION
2025-10-28,50000193,마스크/팩,61.9745,DEMO_SIMULATION
2025-10-29,50000193,마스크/팩,65.3757,DEMO_SIMULATION
2025-10-30,50000193,마스크/팩,59.5691,DEMO_SIMULATION
2025-10-31,50000193,마스크/팩,58.4813,DEMO_SIMULATION
2025-11-01,50000193,마스크/팩,69.8581,DEMO_SIMULATION
2025-11-02,50000193,마스크/팩,82.3671,DEMO_SIMULATION
2025-11-03,50000193,마스크/팩,75.6102,DEMO_SIMULATION
2025-11-04,50000193,마스크/팩,76.779,DEMO_SIMULATION
2025-11-05,50000193,마스크/팩,70.6922,DEMO_SIMULATION
2025-11-06,50000193,마스크/팩,77.2262,DEMO_SIMULATION
2025-11-07,50000193,마스크/팩,71.3396,DEMO_SIMULATION
2025-11-08,50000193,마스크/팩,72.6526,DEMO_SIMULATION
2025-11-09,50000193,마스크/팩,80.0613,DEMO_SIMULATION
2025-11-10,50000193,마스크/팩,84.3516,DEMO_SIMULATION
2025-11-11,50000193,마스크/팩,73.4925,DEMO_SIMULATION
2025-11-12,50000193,마스크/팩,75.1409,DEMO_SIMULATION
2025-11-13,50000193,마스크/팩,74.2938,DEMO_SIMULATION
2025-11-14,50000193,마스크/팩,76.5315,DEMO_SIMULATION
2025-11-15,50000193,마스크/팩,76.3934,DEMO_SIMULATION
2025-11-16,50000193,마스크/팩,80.0409,DEMO_SIMULATION
2025-11-17,50000193,마스크/팩,75.6438,DEMO_SIMULATION
2025-11-18,50000193,마스크/팩,77.6404,DEMO_SIMULATION
2025-11-19,50000193,마스크/팩,68.4295,DEMO_SIMULATION
2025-11-20,50000193,마스크/팩,72.7141,DEMO_SIMULATION
2025-11-21,50000193,마스크/팩,73.2405,DEMO_SIMULATION
2025-11-22,50000193,마스크/팩,71.8599,DEMO_SIMULATION
2025-11-23,50000193,마스크/팩,83.2028,DEMO_SIMULATION
2025-11-24,50000193,마스크/팩,78.6926,DEMO_SIMULATION
2025-11-25,50000193,마스크/팩,68.6351,DEMO_SIMULATION
2025-11-26,50000193,마스크/팩,70.7705,DEMO_SIMULATION
2025-11-27,50000193,마스크/팩,74.5368,DEMO_SIMULATION
2025-11-28,50000193,마스크/팩,75.1615,DEMO_SIMULATION
2025-11-29,50000193,마스크/팩,70.9825,DEMO_SIMULATION
2025-11-30,50000193,마스크/팩,82.9729,DEMO_SIMULATION
2025-12-01,50000193,마스크/팩,100.0,DEMO_SIMULATION
2025-12-02,50000193,마스크/팩,93.4078,DEMO_SIMULATION
2025-12-03,50000193,마스크/팩,98.3155,DEMO_SIMULATION
2025-12-04,50000193,마스크/팩,94.4984,DEMO_SIMULATION
2025-12-05,50000193,마스크/팩,92.6063,DEMO_SIMULATION
2025-12-06,50000193,마스크/팩,96.3284,DEMO_SIMULATION
2025-12-07,50000193,마스크/팩,97.5132,DEMO_SIMULATION
2025-12-08,50000193,마스크/팩,87.142,DEMO_SIMULATION
2025-12-09,50000193,마스크/팩,79.5427,DEMO_SIMULATION
2025-12-10,50000193,마스크/팩,77.506,DEMO_SIMULATION
2025-12-11,50000193,마스크/팩,79.0875,DEMO_SIMULATION
2025-12-12,50000193,마스크/팩,80.2654,DEMO_SIMULATION
2025-12-13,50000193,마스크/팩,75.968,DEMO_SIMULATION
2025-12-14,50000193,마스크/팩,84.9068,DEMO_SIMULATION
2025-12-15,50000193,마스크/팩,86.3462,DEMO_SIMULATION
2025-12-16,50000193,마스크/팩,74.3705,DEMO_SIMULATION
2025-12-17,50000193,마스크/팩,81.4124,DEMO_SIMULATION
2025-12-18,50000193,마스크/팩,76.1315,DEMO_SIMULATION
2025-12-19,50000193,마스크/팩,72.4564,DEMO_SIMULATION
2025-12-20,50000193,마스크/팩,72.7368,DEMO_SIMULATION
2025-12-21,50000193,마스크/팩,85.7446,DEMO_SIMULATION
2025-12-22,50000193,마스크/팩,81.9179,DEMO_SIMULATION
2025-12-23,50000193,마스크/팩,76.1919,DEMO_SIMULATION
2025-12-24,50000193,마스크/팩,76.7987,DEMO_SIMULATION
2025-12-25,50000193,마스크/팩,74.1737,DEMO_SIMULATION
2025-12-26,50000193,마스크/팩,72.4654,DEMO_SIMULATION
2025-12-27,50000193,마스크/팩,75.931,DEMO_SIMULATION
2025-12-28,50000193,마스크/팩,86.7241,DEMO_SIMULATION
2025-12-29,50000193,마스크/팩,82.6357,DEMO_SIMULATION
2025-12-30,50000193,마스크/팩,73.3555,DEMO_SIMULATION
2025-12-31,50000193,마스크/팩,77.0962,DEMO_SIMULATION
2026-01-01,50000193,마스크/팩,75.0492,DEMO_SIMULATION
2026-01-02,50000193,마스크/팩,74.4069,DEMO_SIMULATION
2026-01-03,50000193,마스크/팩,74.5358,DEMO_SIMULATION
2026-01-04,50000193,마스크/팩,83.8937,DEMO_SIMULATION
2026-01-05,50000193,마스크/팩,80.631,DEMO_SIMULATION
2026-01-06,50000193,마스크/팩,75.2565,DEMO_SIMULATION
2026-01-07,50000193,마스크/팩,70.3128,DEMO_SIMULATION
2026-01-08,50000193,마스크/팩,72.1806,DEMO_SIMULATION
2026-01-09,50000193,마스크/팩,74.2251,DEMO_SIMULATION
2026-01-10,50000193,마스크/팩,75.4657,DEMO_SIMULATION
2026-01-11,50000193,마스크/팩,79.0291,DEMO_SIMULATION
2026-01-12,50000193,마스크/팩,83.9137,DEMO_SIMULATION
2026-01-13,50000193,마스크/팩,68.5713,DEMO_SIMULATION
2026-01-14,50000193,마스크/팩,68.7871,DEMO_SIMULATION
2026-01-15,50000193,마스크/팩,68.762,DEMO_SIMULATION
2026-01-16,50000193,마스크/팩,75.8911,DEMO_SIMULATION
2026-01-17,50000193,마스크/팩,72.103,DEMO_SIMULATION
2026-01-18,50000193,마스크/팩,76.3234,DEMO_SIMULATION
2026-01-19,50000193,마스크/팩,84.4528,DEMO_SIMULATION
2026-01-20,50000193,마스크/팩,75.3013,DEMO_SIMULATION
2026-01-21,50000193,마스크/팩,69.1775,DEMO_SIMULATION
2026-01-22,50000193,마스크/팩,74.3185,DEMO_SIMULATION
2026-01-23,50000193,마스크/팩,71.5593,DEMO_SIMULATION
2026-01-24,50000193,마스크/팩,76.0558,DEMO_SIMULATION
2026-01-25,50000193,마스크/팩,79.4684,DEMO_SIMULATION
2026-01-26,50000193,마스크/팩,84.6239,DEMO_SIMULATION
2026-01-27,50000193,마스크/팩,75.8084,DEMO_SIMULATION
2026-01-28,50000193,마스크/팩,74.663,DEMO_SIMULATION
2026-01-29,50000193,마스크/팩,69.1487,DEMO_SIMULATION
2026-01-30,50000193,마스크/팩,76.5248,DEMO_SIMULATION
2026-01-31,50000193,마스크/팩,70.5584,DEMO_SIMULATION
2026-02-01,50000193,마스크/팩,69.5824,DEMO_SIMULATION
2026-02-02,50000193,마스크/팩,72.5366,DEMO_SIMULATION
2026-02-03,50000193,마스크/팩,67.1641,DEMO_SIMULATION
2026-02-04,50000193,마스크/팩,60.819,DEMO_SIMULATION
2026-02-05,50000193,마스크/팩,64.1348,DEMO_SIMULATION
2026-02-06,50000193,마스크/팩,64.7131,DEMO_SIMULATION
2026-02-07,50000193,마스크/팩,62.3237,DEMO_SIMULATION
2026-02-08,50000193,마스크/팩,71.3335,DEMO_SIMULATION
2026-02-09,50000193,마스크/팩,71.232,DEMO_SIMULATION
2026-02-10,50000193,마스크/팩,62.301,DEMO_SIMULATION
2026-02-11,50000193,마스크/팩,63.2716,DEMO_SIMULATION
2026-02-12,50000193,마스크/팩,61.049,DEMO_SIMULATION
2026-02-13,50000193,마스크/팩,62.2651,DEMO_SIMULATION
2026-02-14,50000193,마스크/팩,61.743,DEMO_SIMULATION
2026-02-15,50000193,마스크/팩,70.7385,DEMO_SIMULATION
2026-02-16,50000193,마스크/팩,65.669,DEMO_SIMULATION
2026-02-17,50000193,마스크/팩,66.2435,DEMO_SIMULATION
2026-02-18,50000193,마스크/팩,59.9339,DEMO_SIMULATION
2026-02-19,50000193,마스크/팩,65.792,DEMO_SIMULATION
2026-02-20,50000193,마스크/팩,61.8337,DEMO_SIMULATION
2026-02-21,50000193,마스크/팩,62.1412,DEMO_SIMULATION
2026-02-22,50000193,마스크/팩,68.2742,DEMO_SIMULATION
2026-02-23,50000193,마스크/팩,67.8866,DEMO_SIMULATION
2026-02-24,50000193,마스크/팩,58.4982,DEMO_SIMULATION
2026-02-25,50000193,마스크/팩,61.6995,DEMO_SIMULATION
2026-02-26,50000193,마스크/팩,61.4079,DEMO_SIMULATION
2026-02-27,50000193,마스크/팩,60.7343,DEMO_SIMULATION
2026-02-28,50000193,마스크/팩,64.0527,DEMO_SIMULATION
2026-03-01,50000193,마스크/팩,73.0741,DEMO_SIMULATION
2026-03-02,50000193,마스크/팩,73.3374,DEMO_SIMULATION
2026-03-03,50000193,마스크/팩,69.703,DEMO_SIMULATION
2026-03-04,50000193,마스크/팩,69.2281,DEMO_SIMULATION
2026-03-05,50000193,마스크/팩,66.6978,DEMO_SIMULATION
2026-03-06,50000193,마스크/팩,69.2774,DEMO_SIMULATION
2026-03-07,50000193,마스크/팩,68.8315,DEMO_SIMULATION
2026-03-08,50000193,마스크/팩,57.7435,DEMO_SIMULATION
2026-03-09,50000193,마스크/팩,55.2867,DEMO_SIMULATION
2026-03-10,50000193,마스크/팩,48.7778,DEMO_SIMULATION
2026-03-11,50000193,마스크/팩,43.4573,DEMO_SIMULATION
2026-03-12,50000193,마스크/팩,46.5359,DEMO_SIMULATION
2026-03-13,50000193,마스크/팩,50.9341,DEMO_SIMULATION
2026-03-14,50000193,마스크/팩,45.6108,DEMO_SIMULATION
2026-03-15,50000193,마스크/팩,57.1525,DEMO_SIMULATION
2026-03-16,50000193,마스크/팩,58.7484,DEMO_SIMULATION
2026-03-17,50000193,마스크/팩,48.0958,DEMO_SIMULATION
2026-03-18,50000193,마스크/팩,44.0593,DEMO_SIMULATION
2026-03-19,50000193,마스크/팩,47.6161,DEMO_SIMULATION
2026-03-20,50000193,마스크/팩,47.2916,DEMO_SIMULATION
2026-03-21,50000193,마스크/팩,47.1343,DEMO_SIMULATION
2026-03-22,50000193,마스크/팩,53.4832,DEMO_SIMULATION
2026-03-23,50000193,마스크/팩,51.4353,DEMO_SIMULATION
2026-03-24,50000193,마스크/팩,45.0967,DEMO_SIMULATION
2026-03-25,50000193,마스크/팩,45.9229,DEMO_SIMULATION
2026-03-26,50000193,마스크/팩,43.4162,DEMO_SIMULATION
2026-03-27,50000193,마스크/팩,49.1908,DEMO_SIMULATION
2026-03-28,50000193,마스크/팩,44.343,DEMO_SIMULATION
2026-03-29,50000193,마스크/팩,50.8232,DEMO_SIMULATION
2026-03-30,50000193,마스크/팩,58.488,DEMO_SIMULATION
2026-03-31,50000193,마스크/팩,47.2781,DEMO_SIMULATION
2026-04-01,50000193,마스크/팩,34.8678,DEMO_SIMULATION
2026-04-02,50000193,마스크/팩,37.8972,DEMO_SIMULATION
2026-04-03,50000193,마스크/팩,29.8101,DEMO_SIMULATION
2026-04-04,50000193,마스크/팩,36.6547,DEMO_SIMULATION
2026-04-05,50000193,마스크/팩,44.2017,DEMO_SIMULATION
2026-04-06,50000193,마스크/팩,42.0399,DEMO_SIMULATION
2026-04-07,50000193,마스크/팩,36.6095,DEMO_SIMULATION
2026-04-08,50000193,마스크/팩,31.0666,DEMO_SIMULATION
2026-04-09,50000193,마스크/팩,35.6763,DEMO_SIMULATION
2026-04-10,50000193,마스크/팩,32.4441,DEMO_SIMULATION
2026-04-11,50000193,마스크/팩,34.2044,DEMO_SIMULATION
2026-04-12,50000193,마스크/팩,39.6755,DEMO_SIMULATION
2026-04-13,50000193,마스크/팩,43.212,DEMO_SIMULATION
2026-04-14,50000193,마스크/팩,38.3916,DEMO_SIMULATION
2026-04-15,50000193,마스크/팩,29.0056,DEMO_SIMULATION
2026-04-16,50000193,마스크/팩,29.5345,DEMO_SIMULATION
2026-04-17,50000193,마스크/팩,35.8563,DEMO_SIMULATION
2026-04-18,50000193,마스크/팩,30.3713,DEMO_SIMULATION
2026-04-19,50000193,마스크/팩,38.7878,DEMO_SIMULATION
2026-04-20,50000193,마스크/팩,40.8181,DEMO_SIMULATION
2026-04-21,50000193,마스크/팩,30.9075,DEMO_SIMULATION
2026-04-22,50000193,마스크/팩,33.851,DEMO_SIMULATION
2026-04-23,50000193,마스크/팩,32.2575,DEMO_SIMULATION
2026-04-24,50000193,마스크/팩,36.9786,DEMO_SIMULATION
2026-04-25,50000193,마스크/팩,33.6476,DEMO_SIMULATION
2026-04-26,50000193,마스크/팩,36.5946,DEMO_SIMULATION
2026-04-27,50000193,마스크/팩,40.6256,DEMO_SIMULATION
2026-04-28,50000193,마스크/팩,30.0828,DEMO_SIMULATION
2026-04-29,50000193,마스크/팩,31.5822,DEMO_SIMULATION
2026-04-30,50000193,마스크/팩,36.7427,DEMO_SIMULATION
2026-05-01,50000193,마스크/팩,18.3291,DEMO_SIMULATION
2026-05-02,50000193,마스크/팩,27.6276,DEMO_SIMULATION
2026-05-03,50000193,마스크/팩,33.2467,DEMO_SIMULATION
2026-05-04,50000193,마스크/팩,33.7271,DEMO_SIMULATION
2026-05-05,50000193,마스크/팩,25.8592,DEMO_SIMULATION
2026-05-06,50000193,마스크/팩,23.328,DEMO_SIMULATION
2026-05-07,50000193,마스크/팩,18.8776,DEMO_SIMULATION
2026-05-08,50000193,마스크/팩,25.6145,DEMO_SIMULATION
2026-05-09,50000193,마스크/팩,19.0954,DEMO_SIMULATION
2026-05-10,50000193,마스크/팩,29.0005,DEMO_SIMULATION
2026-05-11,50000193,마스크/팩,33.2769,DEMO_SIMULATION
2026-05-12,50000193,마스크/팩,24.9664,DEMO_SIMULATION
2026-05-13,50000193,마스크/팩,26.0587,DEMO_SIMULATION
2026-05-14,50000193,마스크/팩,25.6957,DEMO_SIMULATION
2026-05-15,50000193,마스크/팩,25.1877,DEMO_SIMULATION
2026-05-16,50000193,마스크/팩,22.1231,DEMO_SIMULATION
2026-05-17,50000193,마스크/팩,34.4266,DEMO_SIMULATION
2026-05-18,50000193,마스크/팩,26.508,DEMO_SIMULATION
2026-05-19,50000193,마스크/팩,24.4034,DEMO_SIMULATION
2026-05-20,50000193,마스크/팩,22.7658,DEMO_SIMULATION
2026-05-21,50000193,마스크/팩,24.1161,DEMO_SIMULATION
2026-05-22,50000193,마스크/팩,22.2159,DEMO_SIMULATION
2026-05-23,50000193,마스크/팩,19.745,DEMO_SIMULATION
2026-05-24,50000193,마스크/팩,31.1151,DEMO_SIMULATION
2026-05-25,50000193,마스크/팩,31.2684,DEMO_SIMULATION
2026-05-26,50000193,마스크/팩,21.8381,DEMO_SIMULATION
2026-05-27,50000193,마스크/팩,25.4106,DEMO_SIMULATION
2026-05-28,50000193,마스크/팩,21.493,DEMO_SIMULATION
2026-05-29,50000193,마스크/팩,24.0863,DEMO_SIMULATION
2026-05-30,50000193,마스크/팩,19.6152,DEMO_SIMULATION
2026-05-31,50000193,마스크/팩,26.5829,DEMO_SIMULATION
2026-06-01,50000193,마스크/팩,48.7294,DEMO_SIMULATION
2026-06-02,50000193,마스크/팩,33.3859,DEMO_SIMULATION
2026-06-03,50000193,마스크/팩,34.4769,DEMO_SIMULATION
2026-06-04,50000193,마스크/팩,35.4053,DEMO_SIMULATION
2026-06-05,50000193,마스크/팩,38.2486,DEMO_SIMULATION
2026-06-06,50000193,마스크/팩,41.9856,DEMO_SIMULATION
2026-06-07,50000193,마스크/팩,45.4414,DEMO_SIMULATION
2026-06-08,50000193,마스크/팩,23.8634,DEMO_SIMULATION
2026-06-09,50000193,마스크/팩,21.5885,DEMO_SIMULATION
2026-06-10,50000193,마스크/팩,15.9498,DEMO_SIMULATION
2026-06-11,50000193,마스크/팩,20.1904,DEMO_SIMULATION
2026-06-12,50000193,마스크/팩,21.9648,DEMO_SIMULATION
2026-06-13,50000193,마스크/팩,15.2206,DEMO_SIMULATION
2026-06-14,50000193,마스크/팩,22.6718,DEMO_SIMULATION
2026-06-15,50000193,마스크/팩,27.9439,DEMO_SIMULATION
2026-06-16,50000193,마스크/팩,21.6503,DEMO_SIMULATION
2026-06-17,50000193,마스크/팩,22.1482,DEMO_SIMULATION
2026-06-18,50000193,마스크/팩,17.2767,DEMO_SIMULATION
2026-06-19,50000193,마스크/팩,14.6659,DEMO_SIMULATION
2026-06-20,50000193,마스크/팩,18.7614,DEMO_SIMULATION
2026-06-21,50000193,마스크/팩,25.3928,DEMO_SIMULATION
2026-06-22,50000193,마스크/팩,30.8713,DEMO_SIMULATION
2026-06-23,50000193,마스크/팩,19.8176,DEMO_SIMULATION
2026-06-24,50000193,마스크/팩,23.3165,DEMO_SIMULATION
2026-06-25,50000193,마스크/팩,22.5186,DEMO_SIMULATION
2026-06-26,50000193,마스크/팩,14.4798,DEMO_SIMULATION
2026-06-27,50000193,마스크/팩,16.9014,DEMO_SIMULATION
2026-06-28,50000193,마스크/팩,22.5721,DEMO_SIMULATION
2026-06-29,50000193,마스크/팩,25.844,DEMO_SIMULATION
2026-06-30,50000193,마스크/팩,22.8333,DEMO_SIMULATION
2026-07-01,50000193,마스크/팩,23.3212,DEMO_SIMULATION
2026-07-02,50000193,마스크/팩,18.5871,DEMO_SIMULATION
2026-07-03,50000193,마스크/팩,26.7707,DEMO_SIMULATION
2026-07-04,50000193,마스크/팩,25.8609,DEMO_SIMULATION
2026-07-05,50000193,마스크/팩,34.0427,DEMO_SIMULATION
2026-07-06,50000193,마스크/팩,30.1666,DEMO_SIMULATION
2026-07-07,50000193,마스크/팩,20.3459,DEMO_SIMULATION
2026-07-08,50000193,마스크/팩,20.5583,DEMO_SIMULATION
2026-07-09,50000193,마스크/팩,21.4942,DEMO_SIMULATION
2026-07-10,50000193,마스크/팩,19.9505,DEMO_SIMULATION
2026-07-11,50000193,마스크/팩,25.4418,DEMO_SIMULATION
2026-07-12,50000193,마스크/팩,30.3155,DEMO_SIMULATION
2026-07-13,50000193,마스크/팩,26.2053,DEMO_SIMULATION
2026-07-14,50000193,마스크/팩,20.5124,DEMO_SIMULATION
2026-07-15,50000193,마스크/팩,26.2682,DEMO_SIMULATION
2026-07-16,50000193,마스크/팩,25.6933,DEMO_SIMULATION
2026-07-17,50000193,마스크/팩,27.2248,DEMO_SIMULATION
2026-07-18,50000193,마스크/팩,18.6103,DEMO_SIMULATION
2026-07-19,50000193,마스크/팩,30.8662,DEMO_SIMULATION
2026-07-20,50000193,마스크/팩,35.0571,DEMO_SIMULATION
2026-07-21,50000193,마스크/팩,23.9092,DEMO_SIMULATION
2026-07-22,50000193,마스크/팩,27.6377,DEMO_SIMULATION
2026-07-23,50000193,마스크/팩,27.1507,DEMO_SIMULATION
2026-07-24,50000193,마스크/팩,18.7606,DEMO_SIMULATION
2026-07-25,50000193,마스크/팩,21.1062,DEMO_SIMULATION
2026-07-26,50000193,마스크/팩,26.9967,DEMO_SIMULATION
2026-07-27,50000193,마스크/팩,26.5517,DEMO_SIMULATION
2026-07-28,50000193,마스크/팩,26.0338,DEMO_SIMULATION
2026-07-29,50000193,마스크/팩,27.73,DEMO_SIMULATION
2026-07-30,50000193,마스크/팩,19.1537,DEMO_SIMULATION
2026-07-31,50000193,마스크/팩,20.9847,DEMO_SIMULATION
2026-08-01,50000193,마스크/팩,33.7389,DEMO_SIMULATION
2026-08-02,50000193,마스크/팩,42.4155,DEMO_SIMULATION
2026-08-03,50000193,마스크/팩,42.4904,DEMO_SIMULATION
2026-08-04,50000193,마스크/팩,38.3444,DEMO_SIMULATION
2026-08-05,50000193,마스크/팩,35.1761,DEMO_SIMULATION
2026-08-06,50000193,마스크/팩,38.4627,DEMO_SIMULATION
2026-08-07,50000193,마스크/팩,29.2703,DEMO_SIMULATION
2026-08-08,50000193,마스크/팩,37.5337,DEMO_SIMULATION
2026-08-09,50000193,마스크/팩,41.7118,DEMO_SIMULATION
2026-08-10,50000193,마스크/팩,40.2816,DEMO_SIMULATION
2026-08-11,50000193,마스크/팩,37.4879,DEMO_SIMULATION
2026-08-12,50000193,마스크/팩,37.3504,DEMO_SIMULATION
2026-08-13,50000193,마스크/팩,35.3337,DEMO_SIMULATION
2026-08-14,50000193,마스크/팩,31.4442,DEMO_SIMULATION
2026-08-15,50000193,마스크/팩,31.5213,DEMO_SIMULATION
2026-08-16,50000193,마스크/팩,42.8978,DEMO_SIMULATION
2026-08-17,50000193,마스크/팩,45.1643,DEMO_SIMULATION
2026-08-18,50000193,마스크/팩,29.3619,DEMO_SIMULATION
2026-08-19,50000193,마스크/팩,36.6659,DEMO_SIMULATION
2026-08-20,50000193,마스크/팩,32.5721,DEMO_SIMULATION
2026-08-21,50000193,마스크/팩,38.1733,DEMO_SIMULATION
2026-08-22,50000193,마스크/팩,34.9695,DEMO_SIMULATION
2026-08-23,50000193,마스크/팩,45.5839,DEMO_SIMULATION
2026-08-24,50000193,마스크/팩,40.8605,DEMO_SIMULATION
2026-08-25,50000193,마스크/팩,36.3576,DEMO_SIMULATION
2026-08-26,50000193,마스크/팩,31.0274,DEMO_SIMULATION
2026-08-27,50000193,마스크/팩,33.7346,DEMO_SIMULATION
2026-08-28,50000193,마스크/팩,37.6741,DEMO_SIMULATION
2026-08-29,50000193,마스크/팩,31.2895,DEMO_SIMULATION
2026-08-30,50000193,마스크/팩,41.1729,DEMO_SIMULATION
2026-08-31,50000193,마스크/팩,42.7125,DEMO_SIMULATION
2026-09-01,50000193,마스크/팩,70.5051,DEMO_SIMULATION
2026-09-02,50000193,마스크/팩,70.5764,DEMO_SIMULATION
2026-09-03,50000193,마스크/팩,69.5274,DEMO_SIMULATION
2026-09-04,50000193,마스크/팩,69.4777,DEMO_SIMULATION
2026-09-05,50000193,마스크/팩,62.4785,DEMO_SIMULATION
2026-09-06,50000193,마스크/팩,72.3103,DEMO_SIMULATION
2026-09-07,50000193,마스크/팩,69.2721,DEMO_SIMULATION
2026-09-08,50000193,마스크/팩,52.7535,DEMO_SIMULATION
2025-09-09,50000197,바디케어,26.1316,DEMO_SIMULATION
2025-09-10,50000197,바디케어,29.3818,DEMO_SIMULATION
2025-09-11,50000197,바디케어,27.2246,DEMO_SIMULATION
2025-09-12,50000197,바디케어,33.4194,DEMO_SIMULATION
2025-09-13,50000197,바디케어,25.6824,DEMO_SIMULATION
2025-09-14,50000197,바디케어,38.2546,DEMO_SIMULATION
2025-09-15,50000197,바디케어,39.1943,DEMO_SIMULATION
2025-09-16,50000197,바디케어,34.0726,DEMO_SIMULATION
2025-09-17,50000197,바디케어,25.5333,DEMO_SIMULATION
2025-09-18,50000197,바디케어,25.8227,DEMO_SIMULATION
2025-09-19,50000197,바디케어,26.7146,DEMO_SIMULATION
2025-09-20,50000197,바디케어,27.0825,DEMO_SIMULATION
2025-09-21,50000197,바디케어,40.3488,DEMO_SIMULATION
2025-09-22,50000197,바디케어,37.0701,DEMO_SIMULATION
2025-09-23,50000197,바디케어,31.4507,DEMO_SIMULATION
2025-09-24,50000197,바디케어,29.4297,DEMO_SIMULATION
2025-09-25,50000197,바디케어,32.5247,DEMO_SIMULATION
2025-09-26,50000197,바디케어,25.9658,DEMO_SIMULATION
2025-09-27,50000197,바디케어,27.759,DEMO_SIMULATION
2025-09-28,50000197,바디케어,39.9006,DEMO_SIMULATION
2025-09-29,50000197,바디케어,34.8931,DEMO_SIMULATION
2025-09-30,50000197,바디케어,31.044,DEMO_SIMULATION
2025-10-01,50000197,바디케어,51.5501,DEMO_SIMULATION
2025-10-02,50000197,바디케어,42.5267,DEMO_SIMULATION
2025-10-03,50000197,바디케어,48.937,DEMO_SIMULATION
2025-10-04,50000197,바디케어,49.9654,DEMO_SIMULATION
2025-10-05,50000197,바디케어,49.9065,DEMO_SIMULATION
2025-10-06,50000197,바디케어,52.5575,DEMO_SIMULATION
2025-10-07,50000197,바디케어,44.5276,DEMO_SIMULATION
2025-10-08,50000197,바디케어,51.138,DEMO_SIMULATION
2025-10-09,50000197,바디케어,46.3382,DEMO_SIMULATION
2025-10-10,50000197,바디케어,43.3546,DEMO_SIMULATION
2025-10-11,50000197,바디케어,49.0857,DEMO_SIMULATION
2025-10-12,50000197,바디케어,58.037,DEMO_SIMULATION
2025-10-13,50000197,바디케어,51.745,DEMO_SIMULATION
2025-10-14,50000197,바디케어,42.4858,DEMO_SIMULATION
2025-10-15,50000197,바디케어,47.0738,DEMO_SIMULATION
2025-10-16,50000197,바디케어,50.3917,DEMO_SIMULATION
2025-10-17,50000197,바디케어,49.1264,DEMO_SIMULATION
2025-10-18,50000197,바디케어,49.1547,DEMO_SIMULATION
2025-10-19,50000197,바디케어,54.5584,DEMO_SIMULATION
2025-10-20,50000197,바디케어,56.7526,DEMO_SIMULATION
2025-10-21,50000197,바디케어,44.0978,DEMO_SIMULATION
2025-10-22,50000197,바디케어,47.496,DEMO_SIMULATION
2025-10-23,50000197,바디케어,44.7616,DEMO_SIMULATION
2025-10-24,50000197,바디케어,47.3014,DEMO_SIMULATION
2025-10-25,50000197,바디케어,44.8351,DEMO_SIMULATION
2025-10-26,50000197,바디케어,57.3031,DEMO_SIMULATION
2025-10-27,50000197,바디케어,59.3389,DEMO_SIMULATION
2025-10-28,50000197,바디케어,44.9817,DEMO_SIMULATION
2025-10-29,50000197,바디케어,52.1233,DEMO_SIMULATION
2025-10-30,50000197,바디케어,51.4842,DEMO_SIMULATION
2025-10-31,50000197,바디케어,50.5951,DEMO_SIMULATION
2025-11-01,50000197,바디케어,68.8108,DEMO_SIMULATION
2025-11-02,50000197,바디케어,75.714,DEMO_SIMULATION
2025-11-03,50000197,바디케어,71.2248,DEMO_SIMULATION
2025-11-04,50000197,바디케어,66.8907,DEMO_SIMULATION
2025-11-05,50000197,바디케어,63.9641,DEMO_SIMULATION
2025-11-06,50000197,바디케어,65.4046,DEMO_SIMULATION
2025-11-07,50000197,바디케어,69.1295,DEMO_SIMULATION
2025-11-08,50000197,바디케어,60.0196,DEMO_SIMULATION
2025-11-09,50000197,바디케어,72.1424,DEMO_SIMULATION
2025-11-10,50000197,바디케어,74.6923,DEMO_SIMULATION
2025-11-11,50000197,바디케어,64.2302,DEMO_SIMULATION
2025-11-12,50000197,바디케어,67.4382,DEMO_SIMULATION
2025-11-13,50000197,바디케어,64.3638,DEMO_SIMULATION
2025-11-14,50000197,바디케어,60.4719,DEMO_SIMULATION
2025-11-15,50000197,바디케어,66.4519,DEMO_SIMULATION
2025-11-16,50000197,바디케어,75.9603,DEMO_SIMULATION
2025-11-17,50000197,바디케어,73.5398,DEMO_SIMULATION
2025-11-18,50000197,바디케어,68.2775,DEMO_SIMULATION
2025-11-19,50000197,바디케어,62.0622,DEMO_SIMULATION
2025-11-20,50000197,바디케어,61.4065,DEMO_SIMULATION
2025-11-21,50000197,바디케어,64.9701,DEMO_SIMULATION
2025-11-22,50000197,바디케어,64.4582,DEMO_SIMULATION
2025-11-23,50000197,바디케어,73.9834,DEMO_SIMULATION
2025-11-24,50000197,바디케어,68.8557,DEMO_SIMULATION
2025-11-25,50000197,바디케어,65.966,DEMO_SIMULATION
2025-11-26,50000197,바디케어,64.1149,DEMO_SIMULATION
2025-11-27,50000197,바디케어,68.5802,DEMO_SIMULATION
2025-11-28,50000197,바디케어,66.7013,DEMO_SIMULATION
2025-11-29,50000197,바디케어,65.838,DEMO_SIMULATION
2025-11-30,50000197,바디케어,70.056,DEMO_SIMULATION
2025-12-01,50000197,바디케어,99.8264,DEMO_SIMULATION
2025-12-02,50000197,바디케어,93.857,DEMO_SIMULATION
2025-12-03,50000197,바디케어,100.0,DEMO_SIMULATION
2025-12-04,50000197,바디케어,94.8082,DEMO_SIMULATION
2025-12-05,50000197,바디케어,96.5786,DEMO_SIMULATION
2025-12-06,50000197,바디케어,98.8876,DEMO_SIMULATION
2025-12-07,50000197,바디케어,99.6326,DEMO_SIMULATION
2025-12-08,50000197,바디케어,82.5885,DEMO_SIMULATION
2025-12-09,50000197,바디케어,74.9615,DEMO_SIMULATION
2025-12-10,50000197,바디케어,78.893,DEMO_SIMULATION
2025-12-11,50000197,바디케어,75.079,DEMO_SIMULATION
2025-12-12,50000197,바디케어,75.7463,DEMO_SIMULATION
2025-12-13,50000197,바디케어,76.5297,DEMO_SIMULATION
2025-12-14,50000197,바디케어,82.0613,DEMO_SIMULATION
2025-12-15,50000197,바디케어,85.4165,DEMO_SIMULATION
2025-12-16,50000197,바디케어,74.6732,DEMO_SIMULATION
2025-12-17,50000197,바디케어,74.2154,DEMO_SIMULATION
2025-12-18,50000197,바디케어,76.6224,DEMO_SIMULATION
2025-12-19,50000197,바디케어,74.5624,DEMO_SIMULATION
2025-12-20,50000197,바디케어,73.6121,DEMO_SIMULATION
2025-12-21,50000197,바디케어,88.3492,DEMO_SIMULATION
2025-12-22,50000197,바디케어,81.2381,DEMO_SIMULATION
2025-12-23,50000197,바디케어,73.6809,DEMO_SIMULATION
2025-12-24,50000197,바디케어,75.1297,DEMO_SIMULATION
2025-12-25,50000197,바디케어,75.5438,DEMO_SIMULATION
2025-12-26,50000197,바디케어,79.5049,DEMO_SIMULATION
2025-12-27,50000197,바디케어,81.7859,DEMO_SIMULATION
2025-12-28,50000197,바디케어,81.1413,DEMO_SIMULATION
2025-12-29,50000197,바디케어,87.6101,DEMO_SIMULATION
2025-12-30,50000197,바디케어,73.5658,DEMO_SIMULATION
2025-12-31,50000197,바디케어,74.4173,DEMO_SIMULATION
2026-01-01,50000197,바디케어,77.6562,DEMO_SIMULATION
2026-01-02,50000197,바디케어,86.4815,DEMO_SIMULATION
2026-01-03,50000197,바디케어,83.4155,DEMO_SIMULATION
2026-01-04,50000197,바디케어,92.1448,DEMO_SIMULATION
2026-01-05,50000197,바디케어,86.8116,DEMO_SIMULATION
2026-01-06,50000197,바디케어,78.2037,DEMO_SIMULATION
2026-01-07,50000197,바디케어,86.3401,DEMO_SIMULATION
2026-01-08,50000197,바디케어,79.9344,DEMO_SIMULATION
2026-01-09,50000197,바디케어,82.4237,DEMO_SIMULATION
2026-01-10,50000197,바디케어,85.5198,DEMO_SIMULATION
2026-01-11,50000197,바디케어,93.5507,DEMO_SIMULATION
2026-01-12,50000197,바디케어,92.5916,DEMO_SIMULATION
2026-01-13,50000197,바디케어,84.9025,DEMO_SIMULATION
2026-01-14,50000197,바디케어,77.1428,DEMO_SIMULATION
2026-01-15,50000197,바디케어,78.5906,DEMO_SIMULATION
2026-01-16,50000197,바디케어,78.1557,DEMO_SIMULATION
2026-01-17,50000197,바디케어,81.1788,DEMO_SIMULATION
2026-01-18,50000197,바디케어,89.0577,DEMO_SIMULATION
2026-01-19,50000197,바디케어,92.0225,DEMO_SIMULATION
2026-01-20,50000197,바디케어,81.1503,DEMO_SIMULATION
2026-01-21,50000197,바디케어,80.4913,DEMO_SIMULATION
2026-01-22,50000197,바디케어,77.0744,DEMO_SIMULATION
2026-01-23,50000197,바디케어,80.9748,DEMO_SIMULATION
2026-01-24,50000197,바디케어,79.1486,DEMO_SIMULATION
2026-01-25,50000197,바디케어,91.568,DEMO_SIMULATION
2026-01-26,50000197,바디케어,89.6472,DEMO_SIMULATION
2026-01-27,50000197,바디케어,84.4691,DEMO_SIMULATION
2026-01-28,50000197,바디케어,82.9839,DEMO_SIMULATION
2026-01-29,50000197,바디케어,78.2956,DEMO_SIMULATION
2026-01-30,50000197,바디케어,77.3532,DEMO_SIMULATION
2026-01-31,50000197,바디케어,85.8224,DEMO_SIMULATION
2026-02-01,50000197,바디케어,86.5203,DEMO_SIMULATION
2026-02-02,50000197,바디케어,82.9843,DEMO_SIMULATION
2026-02-03,50000197,바디케어,75.9488,DEMO_SIMULATION
2026-02-04,50000197,바디케어,73.3074,DEMO_SIMULATION
2026-02-05,50000197,바디케어,82.3167,DEMO_SIMULATION
2026-02-06,50000197,바디케어,81.6843,DEMO_SIMULATION
2026-02-07,50000197,바디케어,80.0258,DEMO_SIMULATION
2026-02-08,50000197,바디케어,89.1267,DEMO_SIMULATION
2026-02-09,50000197,바디케어,80.3621,DEMO_SIMULATION
2026-02-10,50000197,바디케어,80.9852,DEMO_SIMULATION
2026-02-11,50000197,바디케어,74.6054,DEMO_SIMULATION
2026-02-12,50000197,바디케어,78.9589,DEMO_SIMULATION
2026-02-13,50000197,바디케어,79.2142,DEMO_SIMULATION
2026-02-14,50000197,바디케어,78.2694,DEMO_SIMULATION
2026-02-15,50000197,바디케어,89.0065,DEMO_SIMULATION
2026-02-16,50000197,바디케어,88.0408,DEMO_SIMULATION
2026-02-17,50000197,바디케어,77.7451,DEMO_SIMULATION
2026-02-18,50000197,바디케어,77.6209,DEMO_SIMULATION
2026-02-19,50000197,바디케어,75.5528,DEMO_SIMULATION
2026-02-20,50000197,바디케어,74.7644,DEMO_SIMULATION
2026-02-21,50000197,바디케어,73.8252,DEMO_SIMULATION
2026-02-22,50000197,바디케어,89.0056,DEMO_SIMULATION
2026-02-23,50000197,바디케어,88.5164,DEMO_SIMULATION
2026-02-24,50000197,바디케어,72.7728,DEMO_SIMULATION
2026-02-25,50000197,바디케어,78.4285,DEMO_SIMULATION
2026-02-26,50000197,바디케어,77.9647,DEMO_SIMULATION
2026-02-27,50000197,바디케어,72.7335,DEMO_SIMULATION
2026-02-28,50000197,바디케어,81.1066,DEMO_SIMULATION
2026-03-01,50000197,바디케어,91.1273,DEMO_SIMULATION
2026-03-02,50000197,바디케어,87.6104,DEMO_SIMULATION
2026-03-03,50000197,바디케어,83.4578,DEMO_SIMULATION
2026-03-04,50000197,바디케어,84.3695,DEMO_SIMULATION
2026-03-05,50000197,바디케어,82.8668,DEMO_SIMULATION
2026-03-06,50000197,바디케어,79.5167,DEMO_SIMULATION
2026-03-07,50000197,바디케어,79.5313,DEMO_SIMULATION
2026-03-08,50000197,바디케어,71.8628,DEMO_SIMULATION
2026-03-09,50000197,바디케어,71.3248,DEMO_SIMULATION
2026-03-10,50000197,바디케어,61.8095,DEMO_SIMULATION
2026-03-11,50000197,바디케어,68.0384,DEMO_SIMULATION
2026-03-12,50000197,바디케어,64.6059,DEMO_SIMULATION
2026-03-13,50000197,바디케어,61.3174,DEMO_SIMULATION
2026-03-14,50000197,바디케어,61.5122,DEMO_SIMULATION
2026-03-15,50000197,바디케어,69.2909,DEMO_SIMULATION
2026-03-16,50000197,바디케어,68.5776,DEMO_SIMULATION
2026-03-17,50000197,바디케어,67.5064,DEMO_SIMULATION
2026-03-18,50000197,바디케어,61.9802,DEMO_SIMULATION
2026-03-19,50000197,바디케어,60.8916,DEMO_SIMULATION
2026-03-20,50000197,바디케어,62.4595,DEMO_SIMULATION
2026-03-21,50000197,바디케어,67.4809,DEMO_SIMULATION
2026-03-22,50000197,바디케어,71.9965,DEMO_SIMULATION
2026-03-23,50000197,바디케어,67.2183,DEMO_SIMULATION
2026-03-24,50000197,바디케어,61.7864,DEMO_SIMULATION
2026-03-25,50000197,바디케어,66.2985,DEMO_SIMULATION
2026-03-26,50000197,바디케어,69.5412,DEMO_SIMULATION
2026-03-27,50000197,바디케어,63.9814,DEMO_SIMULATION
2026-03-28,50000197,바디케어,69.3702,DEMO_SIMULATION
2026-03-29,50000197,바디케어,75.9692,DEMO_SIMULATION
2026-03-30,50000197,바디케어,76.8396,DEMO_SIMULATION
2026-03-31,50000197,바디케어,61.7866,DEMO_SIMULATION
2026-04-01,50000197,바디케어,44.2631,DEMO_SIMULATION
2026-04-02,50000197,바디케어,48.9308,DEMO_SIMULATION
2026-04-03,50000197,바디케어,50.6321,DEMO_SIMULATION
2026-04-04,50000197,바디케어,46.4514,DEMO_SIMULATION
2026-04-05,50000197,바디케어,54.1737,DEMO_SIMULATION
2026-04-06,50000197,바디케어,56.8698,DEMO_SIMULATION
2026-04-07,50000197,바디케어,43.4359,DEMO_SIMULATION
2026-04-08,50000197,바디케어,44.0221,DEMO_SIMULATION
2026-04-09,50000197,바디케어,51.4946,DEMO_SIMULATION
2026-04-10,50000197,바디케어,49.8461,DEMO_SIMULATION
2026-04-11,50000197,바디케어,50.2949,DEMO_SIMULATION
2026-04-12,50000197,바디케어,58.1285,DEMO_SIMULATION
2026-04-13,50000197,바디케어,53.6958,DEMO_SIMULATION
2026-04-14,50000197,바디케어,48.2383,DEMO_SIMULATION
2026-04-15,50000197,바디케어,45.6491,DEMO_SIMULATION
2026-04-16,50000197,바디케어,46.7965,DEMO_SIMULATION
2026-04-17,50000197,바디케어,50.15,DEMO_SIMULATION
2026-04-18,50000197,바디케어,45.8714,DEMO_SIMULATION
2026-04-19,50000197,바디케어,51.9008,DEMO_SIMULATION
2026-04-20,50000197,바디케어,59.3289,DEMO_SIMULATION
2026-04-21,50000197,바디케어,42.958,DEMO_SIMULATION
2026-04-22,50000197,바디케어,45.6308,DEMO_SIMULATION
2026-04-23,50000197,바디케어,51.8346,DEMO_SIMULATION
2026-04-24,50000197,바디케어,50.7638,DEMO_SIMULATION
2026-04-25,50000197,바디케어,45.6764,DEMO_SIMULATION
2026-04-26,50000197,바디케어,55.188,DEMO_SIMULATION
2026-04-27,50000197,바디케어,57.6681,DEMO_SIMULATION
2026-04-28,50000197,바디케어,46.6188,DEMO_SIMULATION
2026-04-29,50000197,바디케어,51.9521,DEMO_SIMULATION
2026-04-30,50000197,바디케어,51.198,DEMO_SIMULATION
2026-05-01,50000197,바디케어,32.5688,DEMO_SIMULATION
2026-05-02,50000197,바디케어,29.5453,DEMO_SIMULATION
2026-05-03,50000197,바디케어,38.3152,DEMO_SIMULATION
2026-05-04,50000197,바디케어,35.051,DEMO_SIMULATION
2026-05-05,50000197,바디케어,32.3546,DEMO_SIMULATION
2026-05-06,50000197,바디케어,27.4439,DEMO_SIMULATION
2026-05-07,50000197,바디케어,29.7343,DEMO_SIMULATION
2026-05-08,50000197,바디케어,33.0176,DEMO_SIMULATION
2026-05-09,50000197,바디케어,30.7144,DEMO_SIMULATION
2026-05-10,50000197,바디케어,39.3858,DEMO_SIMULATION
2026-05-11,50000197,바디케어,33.9748,DEMO_SIMULATION
2026-05-12,50000197,바디케어,28.5968,DEMO_SIMULATION
2026-05-13,50000197,바디케어,27.4388,DEMO_SIMULATION
2026-05-14,50000197,바디케어,28.1992,DEMO_SIMULATION
2026-05-15,50000197,바디케어,28.7141,DEMO_SIMULATION
2026-05-16,50000197,바디케어,28.9251,DEMO_SIMULATION
2026-05-17,50000197,바디케어,40.9191,DEMO_SIMULATION
2026-05-18,50000197,바디케어,40.5514,DEMO_SIMULATION
2026-05-19,50000197,바디케어,31.9282,DEMO_SIMULATION
2026-05-20,50000197,바디케어,31.2952,DEMO_SIMULATION
2026-05-21,50000197,바디케어,32.9011,DEMO_SIMULATION
2026-05-22,50000197,바디케어,29.0794,DEMO_SIMULATION
2026-05-23,50000197,바디케어,30.2014,DEMO_SIMULATION
2026-05-24,50000197,바디케어,41.8933,DEMO_SIMULATION
2026-05-25,50000197,바디케어,39.3773,DEMO_SIMULATION
2026-05-26,50000197,바디케어,28.6258,DEMO_SIMULATION
2026-05-27,50000197,바디케어,29.5734,DEMO_SIMULATION
2026-05-28,50000197,바디케어,26.8794,DEMO_SIMULATION
2026-05-29,50000197,바디케어,33.0837,DEMO_SIMULATION
2026-05-30,50000197,바디케어,27.6252,DEMO_SIMULATION
2026-05-31,50000197,바디케어,32.6847,DEMO_SIMULATION
2026-06-01,50000197,바디케어,42.3084,DEMO_SIMULATION
2026-06-02,50000197,바디케어,35.2441,DEMO_SIMULATION
2026-06-03,50000197,바디케어,40.609,DEMO_SIMULATION
2026-06-04,50000197,바디케어,37.6152,DEMO_SIMULATION
2026-06-05,50000197,바디케어,34.0686,DEMO_SIMULATION
2026-06-06,50000197,바디케어,34.9707,DEMO_SIMULATION
2026-06-07,50000197,바디케어,46.8264,DEMO_SIMULATION
2026-06-08,50000197,바디케어,27.3576,DEMO_SIMULATION
2026-06-09,50000197,바디케어,20.2411,DEMO_SIMULATION
2026-06-10,50000197,바디케어,14.8171,DEMO_SIMULATION
2026-06-11,50000197,바디케어,12.783,DEMO_SIMULATION
2026-06-12,50000197,바디케어,16.3295,DEMO_SIMULATION
2026-06-13,50000197,바디케어,17.2053,DEMO_SIMULATION
2026-06-14,50000197,바디케어,26.6116,DEMO_SIMULATION
2026-06-15,50000197,바디케어,21.1866,DEMO_SIMULATION
2026-06-16,50000197,바디케어,20.9769,DEMO_SIMULATION
2026-06-17,50000197,바디케어,20.6479,DEMO_SIMULATION
2026-06-18,50000197,바디케어,13.3292,DEMO_SIMULATION
2026-06-19,50000197,바디케어,21.0872,DEMO_SIMULATION
2026-06-20,50000197,바디케어,12.912,DEMO_SIMULATION
2026-06-21,50000197,바디케어,25.0994,DEMO_SIMULATION
2026-06-22,50000197,바디케어,28.2833,DEMO_SIMULATION
2026-06-23,50000197,바디케어,19.8672,DEMO_SIMULATION
2026-06-24,50000197,바디케어,14.7394,DEMO_SIMULATION
2026-06-25,50000197,바디케어,14.0825,DEMO_SIMULATION
2026-06-26,50000197,바디케어,18.5961,DEMO_SIMULATION
2026-06-27,50000197,바디케어,22.0278,DEMO_SIMULATION
2026-06-28,50000197,바디케어,25.5653,DEMO_SIMULATION
2026-06-29,50000197,바디케어,22.0366,DEMO_SIMULATION
2026-06-30,50000197,바디케어,18.1061,DEMO_SIMULATION
2026-07-01,50000197,바디케어,9.1981,DEMO_SIMULATION
2026-07-02,50000197,바디케어,16.4451,DEMO_SIMULATION
2026-07-03,50000197,바디케어,8.1243,DEMO_SIMULATION
2026-07-04,50000197,바디케어,10.3573,DEMO_SIMULATION
2026-07-05,50000197,바디케어,15.9625,DEMO_SIMULATION
2026-07-06,50000197,바디케어,22.2317,DEMO_SIMULATION
2026-07-07,50000197,바디케어,9.5526,DEMO_SIMULATION
2026-07-08,50000197,바디케어,16.1936,DEMO_SIMULATION
2026-07-09,50000197,바디케어,9.7028,DEMO_SIMULATION
2026-07-10,50000197,바디케어,14.4629,DEMO_SIMULATION
2026-07-11,50000197,바디케어,14.2298,DEMO_SIMULATION
2026-07-12,50000197,바디케어,17.9625,DEMO_SIMULATION
2026-07-13,50000197,바디케어,17.7271,DEMO_SIMULATION
2026-07-14,50000197,바디케어,13.2315,DEMO_SIMULATION
2026-07-15,50000197,바디케어,12.2716,DEMO_SIMULATION
2026-07-16,50000197,바디케어,11.5401,DEMO_SIMULATION
2026-07-17,50000197,바디케어,14.3126,DEMO_SIMULATION
2026-07-18,50000197,바디케어,9.0701,DEMO_SIMULATION
2026-07-19,50000197,바디케어,16.7094,DEMO_SIMULATION
2026-07-20,50000197,바디케어,23.4266,DEMO_SIMULATION
2026-07-21,50000197,바디케어,14.129,DEMO_SIMULATION
2026-07-22,50000197,바디케어,13.6868,DEMO_SIMULATION
2026-07-23,50000197,바디케어,13.841,DEMO_SIMULATION
2026-07-24,50000197,바디케어,14.7069,DEMO_SIMULATION
2026-07-25,50000197,바디케어,13.2585,DEMO_SIMULATION
2026-07-26,50000197,바디케어,17.865,DEMO_SIMULATION
2026-07-27,50000197,바디케어,19.482,DEMO_SIMULATION
2026-07-28,50000197,바디케어,8.0566,DEMO_SIMULATION
2026-07-29,50000197,바디케어,12.8028,DEMO_SIMULATION
2026-07-30,50000197,바디케어,15.7105,DEMO_SIMULATION
2026-07-31,50000197,바디케어,8.5777,DEMO_SIMULATION
2026-08-01,50000197,바디케어,19.892,DEMO_SIMULATION
2026-08-02,50000197,바디케어,20.1801,DEMO_SIMULATION
2026-08-03,50000197,바디케어,20.4357,DEMO_SIMULATION
2026-08-04,50000197,바디케어,21.121,DEMO_SIMULATION
2026-08-05,50000197,바디케어,21.3735,DEMO_SIMULATION
2026-08-06,50000197,바디케어,12.1245,DEMO_SIMULATION
2026-08-07,50000197,바디케어,18.5562,DEMO_SIMULATION
2026-08-08,50000197,바디케어,15.9386,DEMO_SIMULATION
2026-08-09,50000197,바디케어,21.0632,DEMO_SIMULATION
2026-08-10,50000197,바디케어,28.6021,DEMO_SIMULATION
2026-08-11,50000197,바디케어,19.1418,DEMO_SIMULATION
2026-08-12,50000197,바디케어,17.1833,DEMO_SIMULATION
2026-08-13,50000197,바디케어,17.7603,DEMO_SIMULATION
2026-08-14,50000197,바디케어,20.7091,DEMO_SIMULATION
2026-08-15,50000197,바디케어,18.996,DEMO_SIMULATION
2026-08-16,50000197,바디케어,27.3841,DEMO_SIMULATION
2026-08-17,50000197,바디케어,19.8034,DEMO_SIMULATION
2026-08-18,50000197,바디케어,17.3225,DEMO_SIMULATION
2026-08-19,50000197,바디케어,19.9582,DEMO_SIMULATION
2026-08-20,50000197,바디케어,12.5165,DEMO_SIMULATION
2026-08-21,50000197,바디케어,20.6641,DEMO_SIMULATION
2026-08-22,50000197,바디케어,14.9892,DEMO_SIMULATION
2026-08-23,50000197,바디케어,26.2362,DEMO_SIMULATION
2026-08-24,50000197,바디케어,20.6728,DEMO_SIMULATION
2026-08-25,50000197,바디케어,21.6606,DEMO_SIMULATION
2026-08-26,50000197,바디케어,19.135,DEMO_SIMULATION
2026-08-27,50000197,바디케어,20.9135,DEMO_SIMULATION
2026-08-28,50000197,바디케어,21.1225,DEMO_SIMULATION
2026-08-29,50000197,바디케어,12.5526,DEMO_SIMULATION
2026-08-30,50000197,바디케어,21.7412,DEMO_SIMULATION
2026-08-31,50000197,바디케어,22.5455,DEMO_SIMULATION
2026-09-01,50000197,바디케어,47.6315,DEMO_SIMULATION
2026-09-02,50000197,바디케어,46.1887,DEMO_SIMULATION
2026-09-03,50000197,바디케어,43.9019,DEMO_SIMULATION
2026-09-04,50000197,바디케어,50.9877,DEMO_SIMULATION
2026-09-05,50000197,바디케어,51.5967,DEMO_SIMULATION
2026-09-06,50000197,바디케어,52.349,DEMO_SIMULATION
2026-09-07,50000197,바디케어,51.2786,DEMO_SIMULATION
2026-09-08,50000197,바디케어,25.4922,DEMO_SIMULATION
2025-09-09,50000194,베이스메이크업,32.7046,DEMO_SIMULATION
2025-09-10,50000194,베이스메이크업,28.2582,DEMO_SIMULATION
2025-09-11,50000194,베이스메이크업,33.2884,DEMO_SIMULATION
2025-09-12,50000194,베이스메이크업,31.4249,DEMO_SIMULATION
2025-09-13,50000194,베이스메이크업,32.5301,DEMO_SIMULATION
2025-09-14,50000194,베이스메이크업,34.0353,DEMO_SIMULATION
2025-09-15,50000194,베이스메이크업,40.2504,DEMO_SIMULATION
2025-09-16,50000194,베이스메이크업,29.7,DEMO_SIMULATION
2025-09-17,50000194,베이스메이크업,32.344,DEMO_SIMULATION
2025-09-18,50000194,베이스메이크업,30.0302,DEMO_SIMULATION
2025-09-19,50000194,베이스메이크업,34.4964,DEMO_SIMULATION
2025-09-20,50000194,베이스메이크업,27.1587,DEMO_SIMULATION
2025-09-21,50000194,베이스메이크업,33.581,DEMO_SIMULATION
2025-09-22,50000194,베이스메이크업,38.6674,DEMO_SIMULATION
2025-09-23,50000194,베이스메이크업,27.2044,DEMO_SIMULATION
2025-09-24,50000194,베이스메이크업,30.0366,DEMO_SIMULATION
2025-09-25,50000194,베이스메이크업,26.7315,DEMO_SIMULATION
2025-09-26,50000194,베이스메이크업,34.2,DEMO_SIMULATION
2025-09-27,50000194,베이스메이크업,27.1885,DEMO_SIMULATION
2025-09-28,50000194,베이스메이크업,36.5574,DEMO_SIMULATION
2025-09-29,50000194,베이스메이크업,39.628,DEMO_SIMULATION
2025-09-30,50000194,베이스메이크업,31.988,DEMO_SIMULATION
2025-10-01,50000194,베이스메이크업,34.9197,DEMO_SIMULATION
2025-10-02,50000194,베이스메이크업,35.6163,DEMO_SIMULATION
2025-10-03,50000194,베이스메이크업,30.1381,DEMO_SIMULATION
2025-10-04,50000194,베이스메이크업,36.6012,DEMO_SIMULATION
2025-10-05,50000194,베이스메이크업,43.9298,DEMO_SIMULATION
2025-10-06,50000194,베이스메이크업,39.1393,DEMO_SIMULATION
2025-10-07,50000194,베이스메이크업,37.7485,DEMO_SIMULATION
2025-10-08,50000194,베이스메이크업,34.7498,DEMO_SIMULATION
2025-10-09,50000194,베이스메이크업,35.8219,DEMO_SIMULATION
2025-10-10,50000194,베이스메이크업,37.8668,DEMO_SIMULATION
2025-10-11,50000194,베이스메이크업,35.8637,DEMO_SIMULATION
2025-10-12,50000194,베이스메이크업,42.3142,DEMO_SIMULATION
2025-10-13,50000194,베이스메이크업,38.9383,DEMO_SIMULATION
2025-10-14,50000194,베이스메이크업,34.7518,DEMO_SIMULATION
2025-10-15,50000194,베이스메이크업,34.772,DEMO_SIMULATION
2025-10-16,50000194,베이스메이크업,33.1912,DEMO_SIMULATION
2025-10-17,50000194,베이스메이크업,30.5237,DEMO_SIMULATION
2025-10-18,50000194,베이스메이크업,37.7791,DEMO_SIMULATION
2025-10-19,50000194,베이스메이크업,35.9076,DEMO_SIMULATION
2025-10-20,50000194,베이스메이크업,44.1749,DEMO_SIMULATION
2025-10-21,50000194,베이스메이크업,29.7231,DEMO_SIMULATION
2025-10-22,50000194,베이스메이크업,37.9659,DEMO_SIMULATION
2025-10-23,50000194,베이스메이크업,37.0668,DEMO_SIMULATION
2025-10-24,50000194,베이스메이크업,36.8067,DEMO_SIMULATION
2025-10-25,50000194,베이스메이크업,35.0371,DEMO_SIMULATION
2025-10-26,50000194,베이스메이크업,42.7057,DEMO_SIMULATION
2025-10-27,50000194,베이스메이크업,36.0299,DEMO_SIMULATION
2025-10-28,50000194,베이스메이크업,36.072,DEMO_SIMULATION
2025-10-29,50000194,베이스메이크업,37.4837,DEMO_SIMULATION
2025-10-30,50000194,베이스메이크업,33.0505,DEMO_SIMULATION
2025-10-31,50000194,베이스메이크업,30.5082,DEMO_SIMULATION
2025-11-01,50000194,베이스메이크업,46.4673,DEMO_SIMULATION
2025-11-02,50000194,베이스메이크업,50.0391,DEMO_SIMULATION
2025-11-03,50000194,베이스메이크업,45.2298,DEMO_SIMULATION
2025-11-04,50000194,베이스메이크업,43.6676,DEMO_SIMULATION
2025-11-05,50000194,베이스메이크업,44.6043,DEMO_SIMULATION
2025-11-06,50000194,베이스메이크업,43.8955,DEMO_SIMULATION
2025-11-07,50000194,베이스메이크업,38.9437,DEMO_SIMULATION
2025-11-08,50000194,베이스메이크업,43.0511,DEMO_SIMULATION
2025-11-09,50000194,베이스메이크업,49.6672,DEMO_SIMULATION
2025-11-10,50000194,베이스메이크업,47.1551,DEMO_SIMULATION
2025-11-11,50000194,베이스메이크업,45.4603,DEMO_SIMULATION
2025-11-12,50000194,베이스메이크업,40.5291,DEMO_SIMULATION
2025-11-13,50000194,베이스메이크업,46.3484,DEMO_SIMULATION
2025-11-14,50000194,베이스메이크업,38.4509,DEMO_SIMULATION
2025-11-15,50000194,베이스메이크업,46.4403,DEMO_SIMULATION
2025-11-16,50000194,베이스메이크업,48.5413,DEMO_SIMULATION
2025-11-17,50000194,베이스메이크업,52.53,DEMO_SIMULATION
2025-11-18,50000194,베이스메이크업,43.3079,DEMO_SIMULATION
2025-11-19,50000194,베이스메이크업,40.6902,DEMO_SIMULATION
2025-11-20,50000194,베이스메이크업,44.7248,DEMO_SIMULATION
2025-11-21,50000194,베이스메이크업,46.055,DEMO_SIMULATION
2025-11-22,50000194,베이스메이크업,39.151,DEMO_SIMULATION
2025-11-23,50000194,베이스메이크업,45.2072,DEMO_SIMULATION
2025-11-24,50000194,베이스메이크업,46.0846,DEMO_SIMULATION
2025-11-25,50000194,베이스메이크업,42.2604,DEMO_SIMULATION
2025-11-26,50000194,베이스메이크업,39.794,DEMO_SIMULATION
2025-11-27,50000194,베이스메이크업,45.1534,DEMO_SIMULATION
2025-11-28,50000194,베이스메이크업,44.4974,DEMO_SIMULATION
2025-11-29,50000194,베이스메이크업,46.4457,DEMO_SIMULATION
2025-11-30,50000194,베이스메이크업,47.8673,DEMO_SIMULATION
2025-12-01,50000194,베이스메이크업,76.9957,DEMO_SIMULATION
2025-12-02,50000194,베이스메이크업,73.9609,DEMO_SIMULATION
2025-12-03,50000194,베이스메이크업,73.6208,DEMO_SIMULATION
2025-12-04,50000194,베이스메이크업,67.9583,DEMO_SIMULATION
2025-12-05,50000194,베이스메이크업,70.5563,DEMO_SIMULATION
2025-12-06,50000194,베이스메이크업,66.9709,DEMO_SIMULATION
2025-12-07,50000194,베이스메이크업,76.4609,DEMO_SIMULATION
2025-12-08,50000194,베이스메이크업,62.9449,DEMO_SIMULATION
2025-12-09,50000194,베이스메이크업,52.1007,DEMO_SIMULATION
2025-12-10,50000194,베이스메이크업,51.9598,DEMO_SIMULATION
2025-12-11,50000194,베이스메이크업,51.6388,DEMO_SIMULATION
2025-12-12,50000194,베이스메이크업,58.0221,DEMO_SIMULATION
2025-12-13,50000194,베이스메이크업,57.0313,DEMO_SIMULATION
2025-12-14,50000194,베이스메이크업,63.1302,DEMO_SIMULATION
2025-12-15,50000194,베이스메이크업,63.1601,DEMO_SIMULATION
2025-12-16,50000194,베이스메이크업,54.2658,DEMO_SIMULATION
2025-12-17,50000194,베이스메이크업,52.1785,DEMO_SIMULATION
2025-12-18,50000194,베이스메이크업,52.5216,DEMO_SIMULATION
2025-12-19,50000194,베이스메이크업,52.1457,DEMO_SIMULATION
2025-12-20,50000194,베이스메이크업,53.1742,DEMO_SIMULATION
2025-12-21,50000194,베이스메이크업,57.1218,DEMO_SIMULATION
2025-12-22,50000194,베이스메이크업,56.843,DEMO_SIMULATION
2025-12-23,50000194,베이스메이크업,55.7679,DEMO_SIMULATION
2025-12-24,50000194,베이스메이크업,56.9374,DEMO_SIMULATION
2025-12-25,50000194,베이스메이크업,51.5214,DEMO_SIMULATION
2025-12-26,50000194,베이스메이크업,50.875,DEMO_SIMULATION
2025-12-27,50000194,베이스메이크업,53.9915,DEMO_SIMULATION
2025-12-28,50000194,베이스메이크업,60.6579,DEMO_SIMULATION
2025-12-29,50000194,베이스메이크업,59.9781,DEMO_SIMULATION
2025-12-30,50000194,베이스메이크업,52.7391,DEMO_SIMULATION
2025-12-31,50000194,베이스메이크업,50.384,DEMO_SIMULATION
2026-01-01,50000194,베이스메이크업,64.6995,DEMO_SIMULATION
2026-01-02,50000194,베이스메이크업,70.4451,DEMO_SIMULATION
2026-01-03,50000194,베이스메이크업,68.2166,DEMO_SIMULATION
2026-01-04,50000194,베이스메이크업,71.964,DEMO_SIMULATION
2026-01-05,50000194,베이스메이크업,73.0822,DEMO_SIMULATION
2026-01-06,50000194,베이스메이크업,67.132,DEMO_SIMULATION
2026-01-07,50000194,베이스메이크업,66.2142,DEMO_SIMULATION
2026-01-08,50000194,베이스메이크업,63.002,DEMO_SIMULATION
2026-01-09,50000194,베이스메이크업,66.2202,DEMO_SIMULATION
2026-01-10,50000194,베이스메이크업,62.4438,DEMO_SIMULATION
2026-01-11,50000194,베이스메이크업,76.0979,DEMO_SIMULATION
2026-01-12,50000194,베이스메이크업,71.1085,DEMO_SIMULATION
2026-01-13,50000194,베이스메이크업,62.4113,DEMO_SIMULATION
2026-01-14,50000194,베이스메이크업,68.3156,DEMO_SIMULATION
2026-01-15,50000194,베이스메이크업,63.2008,DEMO_SIMULATION
2026-01-16,50000194,베이스메이크업,66.5821,DEMO_SIMULATION
2026-01-17,50000194,베이스메이크업,62.3356,DEMO_SIMULATION
2026-01-18,50000194,베이스메이크업,73.6125,DEMO_SIMULATION
2026-01-19,50000194,베이스메이크업,74.2696,DEMO_SIMULATION
2026-01-20,50000194,베이스메이크업,62.3028,DEMO_SIMULATION
2026-01-21,50000194,베이스메이크업,66.4079,DEMO_SIMULATION
2026-01-22,50000194,베이스메이크업,65.0156,DEMO_SIMULATION
2026-01-23,50000194,베이스메이크업,70.4209,DEMO_SIMULATION
2026-01-24,50000194,베이스메이크업,66.0897,DEMO_SIMULATION
2026-01-25,50000194,베이스메이크업,71.6466,DEMO_SIMULATION
2026-01-26,50000194,베이스메이크업,73.6431,DEMO_SIMULATION
2026-01-27,50000194,베이스메이크업,64.5176,DEMO_SIMULATION
2026-01-28,50000194,베이스메이크업,67.6504,DEMO_SIMULATION
2026-01-29,50000194,베이스메이크업,68.1899,DEMO_SIMULATION
2026-01-30,50000194,베이스메이크업,68.0813,DEMO_SIMULATION
2026-01-31,50000194,베이스메이크업,62.2923,DEMO_SIMULATION
2026-02-01,50000194,베이스메이크업,79.0684,DEMO_SIMULATION
2026-02-02,50000194,베이스메이크업,78.0414,DEMO_SIMULATION
2026-02-03,50000194,베이스메이크업,70.9358,DEMO_SIMULATION
2026-02-04,50000194,베이스메이크업,75.5743,DEMO_SIMULATION
2026-02-05,50000194,베이스메이크업,75.6759,DEMO_SIMULATION
2026-02-06,50000194,베이스메이크업,74.3882,DEMO_SIMULATION
2026-02-07,50000194,베이스메이크업,72.3057,DEMO_SIMULATION
2026-02-08,50000194,베이스메이크업,83.5549,DEMO_SIMULATION
2026-02-09,50000194,베이스메이크업,77.9882,DEMO_SIMULATION
2026-02-10,50000194,베이스메이크업,75.5582,DEMO_SIMULATION
2026-02-11,50000194,베이스메이크업,78.4692,DEMO_SIMULATION
2026-02-12,50000194,베이스메이크업,72.3082,DEMO_SIMULATION
2026-02-13,50000194,베이스메이크업,71.9038,DEMO_SIMULATION
2026-02-14,50000194,베이스메이크업,78.2179,DEMO_SIMULATION
2026-02-15,50000194,베이스메이크업,84.8047,DEMO_SIMULATION
2026-02-16,50000194,베이스메이크업,84.4359,DEMO_SIMULATION
2026-02-17,50000194,베이스메이크업,74.5337,DEMO_SIMULATION
2026-02-18,50000194,베이스메이크업,73.2412,DEMO_SIMULATION
2026-02-19,50000194,베이스메이크업,74.7578,DEMO_SIMULATION
2026-02-20,50000194,베이스메이크업,76.6489,DEMO_SIMULATION
2026-02-21,50000194,베이스메이크업,74.7458,DEMO_SIMULATION
2026-02-22,50000194,베이스메이크업,77.4804,DEMO_SIMULATION
2026-02-23,50000194,베이스메이크업,84.099,DEMO_SIMULATION
2026-02-24,50000194,베이스메이크업,73.3076,DEMO_SIMULATION
2026-02-25,50000194,베이스메이크업,77.6143,DEMO_SIMULATION
2026-02-26,50000194,베이스메이크업,77.9736,DEMO_SIMULATION
2026-02-27,50000194,베이스메이크업,78.7259,DEMO_SIMULATION
2026-02-28,50000194,베이스메이크업,75.4301,DEMO_SIMULATION
2026-03-01,50000194,베이스메이크업,100.0,DEMO_SIMULATION
2026-03-02,50000194,베이스메이크업,98.2627,DEMO_SIMULATION
2026-03-03,50000194,베이스메이크업,93.2993,DEMO_SIMULATION
2026-03-04,50000194,베이스메이크업,93.0138,DEMO_SIMULATION
2026-03-05,50000194,베이스메이크업,96.8822,DEMO_SIMULATION
2026-03-06,50000194,베이스메이크업,97.9885,DEMO_SIMULATION
2026-03-07,50000194,베이스메이크업,98.6722,DEMO_SIMULATION
2026-03-08,50000194,베이스메이크업,84.8717,DEMO_SIMULATION
2026-03-09,50000194,베이스메이크업,86.9615,DEMO_SIMULATION
2026-03-10,50000194,베이스메이크업,79.6544,DEMO_SIMULATION
2026-03-11,50000194,베이스메이크업,81.0453,DEMO_SIMULATION
2026-03-12,50000194,베이스메이크업,74.9589,DEMO_SIMULATION
2026-03-13,50000194,베이스메이크업,80.9662,DEMO_SIMULATION
2026-03-14,50000194,베이스메이크업,80.5721,DEMO_SIMULATION
2026-03-15,50000194,베이스메이크업,84.3926,DEMO_SIMULATION
2026-03-16,50000194,베이스메이크업,81.8036,DEMO_SIMULATION
2026-03-17,50000194,베이스메이크업,82.1305,DEMO_SIMULATION
2026-03-18,50000194,베이스메이크업,76.7085,DEMO_SIMULATION
2026-03-19,50000194,베이스메이크업,80.8844,DEMO_SIMULATION
2026-03-20,50000194,베이스메이크업,76.845,DEMO_SIMULATION
2026-03-21,50000194,베이스메이크업,77.6907,DEMO_SIMULATION
2026-03-22,50000194,베이스메이크업,89.1028,DEMO_SIMULATION
2026-03-23,50000194,베이스메이크업,83.096,DEMO_SIMULATION
2026-03-24,50000194,베이스메이크업,76.8557,DEMO_SIMULATION
2026-03-25,50000194,베이스메이크업,80.5008,DEMO_SIMULATION
2026-03-26,50000194,베이스메이크업,74.3763,DEMO_SIMULATION
2026-03-27,50000194,베이스메이크업,78.7523,DEMO_SIMULATION
2026-03-28,50000194,베이스메이크업,78.2468,DEMO_SIMULATION
2026-03-29,50000194,베이스메이크업,83.6337,DEMO_SIMULATION
2026-03-30,50000194,베이스메이크업,89.1179,DEMO_SIMULATION
2026-03-31,50000194,베이스메이크업,77.4009,DEMO_SIMULATION
2026-04-01,50000194,베이스메이크업,73.0404,DEMO_SIMULATION
2026-04-02,50000194,베이스메이크업,72.6953,DEMO_SIMULATION
2026-04-03,50000194,베이스메이크업,70.8473,DEMO_SIMULATION
2026-04-04,50000194,베이스메이크업,72.5074,DEMO_SIMULATION
2026-04-05,50000194,베이스메이크업,80.4019,DEMO_SIMULATION
2026-04-06,50000194,베이스메이크업,82.3762,DEMO_SIMULATION
2026-04-07,50000194,베이스메이크업,76.4481,DEMO_SIMULATION
2026-04-08,50000194,베이스메이크업,72.1934,DEMO_SIMULATION
2026-04-09,50000194,베이스메이크업,72.5345,DEMO_SIMULATION
2026-04-10,50000194,베이스메이크업,72.4183,DEMO_SIMULATION
2026-04-11,50000194,베이스메이크업,76.6312,DEMO_SIMULATION
2026-04-12,50000194,베이스메이크업,80.494,DEMO_SIMULATION
2026-04-13,50000194,베이스메이크업,79.7861,DEMO_SIMULATION
2026-04-14,50000194,베이스메이크업,79.3425,DEMO_SIMULATION
2026-04-15,50000194,베이스메이크업,74.7045,DEMO_SIMULATION
2026-04-16,50000194,베이스메이크업,72.9897,DEMO_SIMULATION
2026-04-17,50000194,베이스메이크업,77.3858,DEMO_SIMULATION
2026-04-18,50000194,베이스메이크업,74.2728,DEMO_SIMULATION
2026-04-19,50000194,베이스메이크업,82.0209,DEMO_SIMULATION
2026-04-20,50000194,베이스메이크업,78.0149,DEMO_SIMULATION
2026-04-21,50000194,베이스메이크업,78.709,DEMO_SIMULATION
2026-04-22,50000194,베이스메이크업,78.8676,DEMO_SIMULATION
2026-04-23,50000194,베이스메이크업,79.1911,DEMO_SIMULATION
2026-04-24,50000194,베이스메이크업,79.2682,DEMO_SIMULATION
2026-04-25,50000194,베이스메이크업,73.2851,DEMO_SIMULATION
2026-04-26,50000194,베이스메이크업,86.0324,DEMO_SIMULATION
2026-04-27,50000194,베이스메이크업,79.4576,DEMO_SIMULATION
2026-04-28,50000194,베이스메이크업,79.4524,DEMO_SIMULATION
2026-04-29,50000194,베이스메이크업,77.2007,DEMO_SIMULATION
2026-04-30,50000194,베이스메이크업,76.1637,DEMO_SIMULATION
2026-05-01,50000194,베이스메이크업,62.7182,DEMO_SIMULATION
2026-05-02,50000194,베이스메이크업,64.7082,DEMO_SIMULATION
2026-05-03,50000194,베이스메이크업,73.8403,DEMO_SIMULATION
2026-05-04,50000194,베이스메이크업,76.1475,DEMO_SIMULATION
2026-05-05,50000194,베이스메이크업,62.7087,DEMO_SIMULATION
2026-05-06,50000194,베이스메이크업,70.0887,DEMO_SIMULATION
2026-05-07,50000194,베이스메이크업,66.2108,DEMO_SIMULATION
2026-05-08,50000194,베이스메이크업,63.313,DEMO_SIMULATION
2026-05-09,50000194,베이스메이크업,66.151,DEMO_SIMULATION
2026-05-10,50000194,베이스메이크업,71.9536,DEMO_SIMULATION
2026-05-11,50000194,베이스메이크업,71.636,DEMO_SIMULATION
2026-05-12,50000194,베이스메이크업,67.529,DEMO_SIMULATION
2026-05-13,50000194,베이스메이크업,65.7,DEMO_SIMULATION
2026-05-14,50000194,베이스메이크업,68.3915,DEMO_SIMULATION
2026-05-15,50000194,베이스메이크업,63.1618,DEMO_SIMULATION
2026-05-16,50000194,베이스메이크업,65.1591,DEMO_SIMULATION
2026-05-17,50000194,베이스메이크업,71.8134,DEMO_SIMULATION
2026-05-18,50000194,베이스메이크업,75.4064,DEMO_SIMULATION
2026-05-19,50000194,베이스메이크업,70.6602,DEMO_SIMULATION
2026-05-20,50000194,베이스메이크업,68.694,DEMO_SIMULATION
2026-05-21,50000194,베이스메이크업,70.4888,DEMO_SIMULATION
2026-05-22,50000194,베이스메이크업,66.2077,DEMO_SIMULATION
2026-05-23,50000194,베이스메이크업,68.2008,DEMO_SIMULATION
2026-05-24,50000194,베이스메이크업,71.052,DEMO_SIMULATION
2026-05-25,50000194,베이스메이크업,69.3759,DEMO_SIMULATION
2026-05-26,50000194,베이스메이크업,65.2585,DEMO_SIMULATION
2026-05-27,50000194,베이스메이크업,63.8724,DEMO_SIMULATION
2026-05-28,50000194,베이스메이크업,64.0951,DEMO_SIMULATION
2026-05-29,50000194,베이스메이크업,68.2044,DEMO_SIMULATION
2026-05-30,50000194,베이스메이크업,68.1014,DEMO_SIMULATION
2026-05-31,50000194,베이스메이크업,74.8964,DEMO_SIMULATION
2026-06-01,50000194,베이스메이크업,79.8217,DEMO_SIMULATION
2026-06-02,50000194,베이스메이크업,74.7232,DEMO_SIMULATION
2026-06-03,50000194,베이스메이크업,71.5278,DEMO_SIMULATION
2026-06-04,50000194,베이스메이크업,71.229,DEMO_SIMULATION
2026-06-05,50000194,베이스메이크업,73.2152,DEMO_SIMULATION
2026-06-06,50000194,베이스메이크업,73.02,DEMO_SIMULATION
2026-06-07,50000194,베이스메이크업,74.9373,DEMO_SIMULATION
2026-06-08,50000194,베이스메이크업,57.3016,DEMO_SIMULATION
2026-06-09,50000194,베이스메이크업,56.3678,DEMO_SIMULATION
2026-06-10,50000194,베이스메이크업,50.9079,DEMO_SIMULATION
2026-06-11,50000194,베이스메이크업,52.0304,DEMO_SIMULATION
2026-06-12,50000194,베이스메이크업,57.9643,DEMO_SIMULATION
2026-06-13,50000194,베이스메이크업,57.0078,DEMO_SIMULATION
2026-06-14,50000194,베이스메이크업,60.778,DEMO_SIMULATION
2026-06-15,50000194,베이스메이크업,63.8374,DEMO_SIMULATION
2026-06-16,50000194,베이스메이크업,52.2332,DEMO_SIMULATION
2026-06-17,50000194,베이스메이크업,55.6262,DEMO_SIMULATION
2026-06-18,50000194,베이스메이크업,50.445,DEMO_SIMULATION
2026-06-19,50000194,베이스메이크업,55.5258,DEMO_SIMULATION
2026-06-20,50000194,베이스메이크업,54.9376,DEMO_SIMULATION
2026-06-21,50000194,베이스메이크업,56.9703,DEMO_SIMULATION
2026-06-22,50000194,베이스메이크업,60.0913,DEMO_SIMULATION
2026-06-23,50000194,베이스메이크업,52.1838,DEMO_SIMULATION
2026-06-24,50000194,베이스메이크업,55.8482,DEMO_SIMULATION
2026-06-25,50000194,베이스메이크업,57.6963,DEMO_SIMULATION
2026-06-26,50000194,베이스메이크업,53.685,DEMO_SIMULATION
2026-06-27,50000194,베이스메이크업,52.6455,DEMO_SIMULATION
2026-06-28,50000194,베이스메이크업,57.1284,DEMO_SIMULATION
2026-06-29,50000194,베이스메이크업,61.3242,DEMO_SIMULATION
2026-06-30,50000194,베이스메이크업,57.1472,DEMO_SIMULATION
2026-07-01,50000194,베이스메이크업,41.9967,DEMO_SIMULATION
2026-07-02,50000194,베이스메이크업,42.0085,DEMO_SIMULATION
2026-07-03,50000194,베이스메이크업,46.4749,DEMO_SIMULATION
2026-07-04,50000194,베이스메이크업,43.1976,DEMO_SIMULATION
2026-07-05,50000194,베이스메이크업,45.6193,DEMO_SIMULATION
2026-07-06,50000194,베이스메이크업,48.299,DEMO_SIMULATION
2026-07-07,50000194,베이스메이크업,38.1656,DEMO_SIMULATION
2026-07-08,50000194,베이스메이크업,43.523,DEMO_SIMULATION
2026-07-09,50000194,베이스메이크업,46.5289,DEMO_SIMULATION
2026-07-10,50000194,베이스메이크업,39.7508,DEMO_SIMULATION
2026-07-11,50000194,베이스메이크업,43.6256,DEMO_SIMULATION
2026-07-12,50000194,베이스메이크업,50.4794,DEMO_SIMULATION
2026-07-13,50000194,베이스메이크업,52.9104,DEMO_SIMULATION
2026-07-14,50000194,베이스메이크업,46.7744,DEMO_SIMULATION
2026-07-15,50000194,베이스메이크업,43.7474,DEMO_SIMULATION
2026-07-16,50000194,베이스메이크업,41.2653,DEMO_SIMULATION
2026-07-17,50000194,베이스메이크업,43.2183,DEMO_SIMULATION
2026-07-18,50000194,베이스메이크업,43.7995,DEMO_SIMULATION
2026-07-19,50000194,베이스메이크업,51.7667,DEMO_SIMULATION
2026-07-20,50000194,베이스메이크업,48.776,DEMO_SIMULATION
2026-07-21,50000194,베이스메이크업,43.0801,DEMO_SIMULATION
2026-07-22,50000194,베이스메이크업,43.325,DEMO_SIMULATION
2026-07-23,50000194,베이스메이크업,45.9678,DEMO_SIMULATION
2026-07-24,50000194,베이스메이크업,43.9149,DEMO_SIMULATION
2026-07-25,50000194,베이스메이크업,40.1585,DEMO_SIMULATION
2026-07-26,50000194,베이스메이크업,51.9109,DEMO_SIMULATION
2026-07-27,50000194,베이스메이크업,51.5678,DEMO_SIMULATION
2026-07-28,50000194,베이스메이크업,45.9818,DEMO_SIMULATION
2026-07-29,50000194,베이스메이크업,39.6415,DEMO_SIMULATION
2026-07-30,50000194,베이스메이크업,43.5329,DEMO_SIMULATION
2026-07-31,50000194,베이스메이크업,38.8915,DEMO_SIMULATION
2026-08-01,50000194,베이스메이크업,35.2621,DEMO_SIMULATION
2026-08-02,50000194,베이스메이크업,39.2435,DEMO_SIMULATION
2026-08-03,50000194,베이스메이크업,36.2397,DEMO_SIMULATION
2026-08-04,50000194,베이스메이크업,36.4709,DEMO_SIMULATION
2026-08-05,50000194,베이스메이크업,31.3565,DEMO_SIMULATION
2026-08-06,50000194,베이스메이크업,37.7325,DEMO_SIMULATION
2026-08-07,50000194,베이스메이크업,35.7765,DEMO_SIMULATION
2026-08-08,50000194,베이스메이크업,31.8499,DEMO_SIMULATION
2026-08-09,50000194,베이스메이크업,38.7653,DEMO_SIMULATION
2026-08-10,50000194,베이스메이크업,38.8247,DEMO_SIMULATION
2026-08-11,50000194,베이스메이크업,32.5056,DEMO_SIMULATION
2026-08-12,50000194,베이스메이크업,36.4884,DEMO_SIMULATION
2026-08-13,50000194,베이스메이크업,31.3025,DEMO_SIMULATION
2026-08-14,50000194,베이스메이크업,29.9131,DEMO_SIMULATION
2026-08-15,50000194,베이스메이크업,37.122,DEMO_SIMULATION
2026-08-16,50000194,베이스메이크업,40.9158,DEMO_SIMULATION
2026-08-17,50000194,베이스메이크업,39.0065,DEMO_SIMULATION
2026-08-18,50000194,베이스메이크업,34.6586,DEMO_SIMULATION
2026-08-19,50000194,베이스메이크업,31.5623,DEMO_SIMULATION
2026-08-20,50000194,베이스메이크업,36.2059,DEMO_SIMULATION
2026-08-21,50000194,베이스메이크업,30.7086,DEMO_SIMULATION
2026-08-22,50000194,베이스메이크업,34.1552,DEMO_SIMULATION
2026-08-23,50000194,베이스메이크업,41.8043,DEMO_SIMULATION
2026-08-24,50000194,베이스메이크업,37.4605,DEMO_SIMULATION
2026-08-25,50000194,베이스메이크업,33.2011,DEMO_SIMULATION
2026-08-26,50000194,베이스메이크업,34.1762,DEMO_SIMULATION
2026-08-27,50000194,베이스메이크업,37.8582,DEMO_SIMULATION
2026-08-28,50000194,베이스메이크업,34.8232,DEMO_SIMULATION
2026-08-29,50000194,베이스메이크업,30.3994,DEMO_SIMULATION
2026-08-30,50000194,베이스메이크업,37.0655,DEMO_SIMULATION
2026-08-31,50000194,베이스메이크업,39.289,DEMO_SIMULATION
2026-09-01,50000194,베이스메이크업,45.901,DEMO_SIMULATION
2026-09-02,50000194,베이스메이크업,50.0008,DEMO_SIMULATION
2026-09-03,50000194,베이스메이크업,47.6135,DEMO_SIMULATION
2026-09-04,50000194,베이스메이크업,48.6494,DEMO_SIMULATION
2026-09-05,50000194,베이스메이크업,46.2339,DEMO_SIMULATION
2026-09-06,50000194,베이스메이크업,51.1714,DEMO_SIMULATION
2026-09-07,50000194,베이스메이크업,52.1886,DEMO_SIMULATION
2026-09-08,50000194,베이스메이크업,32.9886,DEMO_SIMULATION
2025-09-09,50000195,색조메이크업,24.5138,DEMO_SIMULATION
2025-09-10,50000195,색조메이크업,25.9898,DEMO_SIMULATION
2025-09-11,50000195,색조메이크업,28.1651,DEMO_SIMULATION
2025-09-12,50000195,색조메이크업,23.7222,DEMO_SIMULATION
2025-09-13,50000195,색조메이크업,23.3153,DEMO_SIMULATION
2025-09-14,50000195,색조메이크업,31.4978,DEMO_SIMULATION
2025-09-15,50000195,색조메이크업,31.7065,DEMO_SIMULATION
2025-09-16,50000195,색조메이크업,24.8429,DEMO_SIMULATION
2025-09-17,50000195,색조메이크업,26.0845,DEMO_SIMULATION
2025-09-18,50000195,색조메이크업,24.2698,DEMO_SIMULATION
2025-09-19,50000195,색조메이크업,30.0236,DEMO_SIMULATION
2025-09-20,50000195,색조메이크업,28.9161,DEMO_SIMULATION
2025-09-21,50000195,색조메이크업,36.4618,DEMO_SIMULATION
2025-09-22,50000195,색조메이크업,30.5711,DEMO_SIMULATION
2025-09-23,50000195,색조메이크업,31.0985,DEMO_SIMULATION
2025-09-24,50000195,색조메이크업,22.9123,DEMO_SIMULATION
2025-09-25,50000195,색조메이크업,27.6875,DEMO_SIMULATION
2025-09-26,50000195,색조메이크업,27.5348,DEMO_SIMULATION
2025-09-27,50000195,색조메이크업,30.033,DEMO_SIMULATION
2025-09-28,50000195,색조메이크업,33.0784,DEMO_SIMULATION
2025-09-29,50000195,색조메이크업,31.8803,DEMO_SIMULATION
2025-09-30,50000195,색조메이크업,26.4829,DEMO_SIMULATION
2025-10-01,50000195,색조메이크업,24.6681,DEMO_SIMULATION
2025-10-02,50000195,색조메이크업,20.2373,DEMO_SIMULATION
2025-10-03,50000195,색조메이크업,22.3665,DEMO_SIMULATION
2025-10-04,50000195,색조메이크업,22.6589,DEMO_SIMULATION
2025-10-05,50000195,색조메이크업,30.9418,DEMO_SIMULATION
2025-10-06,50000195,색조메이크업,32.7874,DEMO_SIMULATION
2025-10-07,50000195,색조메이크업,26.0979,DEMO_SIMULATION
2025-10-08,50000195,색조메이크업,24.7967,DEMO_SIMULATION
2025-10-09,50000195,색조메이크업,20.7788,DEMO_SIMULATION
2025-10-10,50000195,색조메이크업,19.6984,DEMO_SIMULATION
2025-10-11,50000195,색조메이크업,26.6697,DEMO_SIMULATION
2025-10-12,50000195,색조메이크업,26.4208,DEMO_SIMULATION
2025-10-13,50000195,색조메이크업,26.4743,DEMO_SIMULATION
2025-10-14,50000195,색조메이크업,25.0103,DEMO_SIMULATION
2025-10-15,50000195,색조메이크업,23.0482,DEMO_SIMULATION
2025-10-16,50000195,색조메이크업,26.0352,DEMO_SIMULATION
2025-10-17,50000195,색조메이크업,20.3584,DEMO_SIMULATION
2025-10-18,50000195,색조메이크업,26.6543,DEMO_SIMULATION
2025-10-19,50000195,색조메이크업,25.452,DEMO_SIMULATION
2025-10-20,50000195,색조메이크업,28.6924,DEMO_SIMULATION
2025-10-21,50000195,색조메이크업,27.163,DEMO_SIMULATION
2025-10-22,50000195,색조메이크업,23.3321,DEMO_SIMULATION
2025-10-23,50000195,색조메이크업,25.887,DEMO_SIMULATION
2025-10-24,50000195,색조메이크업,27.5066,DEMO_SIMULATION
2025-10-25,50000195,색조메이크업,26.4002,DEMO_SIMULATION
2025-10-26,50000195,색조메이크업,32.3445,DEMO_SIMULATION
2025-10-27,50000195,색조메이크업,31.4875,DEMO_SIMULATION
2025-10-28,50000195,색조메이크업,20.1387,DEMO_SIMULATION
2025-10-29,50000195,색조메이크업,21.1237,DEMO_SIMULATION
2025-10-30,50000195,색조메이크업,23.9093,DEMO_SIMULATION
2025-10-31,50000195,색조메이크업,22.1902,DEMO_SIMULATION
2025-11-01,50000195,색조메이크업,26.3984,DEMO_SIMULATION
2025-11-02,50000195,색조메이크업,30.9548,DEMO_SIMULATION
2025-11-03,50000195,색조메이크업,34.5967,DEMO_SIMULATION
2025-11-04,50000195,색조메이크업,26.7801,DEMO_SIMULATION
2025-11-05,50000195,색조메이크업,26.0171,DEMO_SIMULATION
2025-11-06,50000195,색조메이크업,24.2255,DEMO_SIMULATION
2025-11-07,50000195,색조메이크업,25.3488,DEMO_SIMULATION
2025-11-08,50000195,색조메이크업,27.7479,DEMO_SIMULATION
2025-11-09,50000195,색조메이크업,31.4109,DEMO_SIMULATION
2025-11-10,50000195,색조메이크업,35.3655,DEMO_SIMULATION
2025-11-11,50000195,색조메이크업,24.3181,DEMO_SIMULATION
2025-11-12,50000195,색조메이크업,25.819,DEMO_SIMULATION
2025-11-13,50000195,색조메이크업,23.4531,DEMO_SIMULATION
2025-11-14,50000195,색조메이크업,28.9024,DEMO_SIMULATION
2025-11-15,50000195,색조메이크업,24.9728,DEMO_SIMULATION
2025-11-16,50000195,색조메이크업,37.2884,DEMO_SIMULATION
2025-11-17,50000195,색조메이크업,34.7825,DEMO_SIMULATION
2025-11-18,50000195,색조메이크업,24.1459,DEMO_SIMULATION
2025-11-19,50000195,색조메이크업,25.5168,DEMO_SIMULATION
2025-11-20,50000195,색조메이크업,28.538,DEMO_SIMULATION
2025-11-21,50000195,색조메이크업,31.1213,DEMO_SIMULATION
2025-11-22,50000195,색조메이크업,24.2116,DEMO_SIMULATION
2025-11-23,50000195,색조메이크업,32.6083,DEMO_SIMULATION
2025-11-24,50000195,색조메이크업,34.5621,DEMO_SIMULATION
2025-11-25,50000195,색조메이크업,29.7375,DEMO_SIMULATION
2025-11-26,50000195,색조메이크업,30.3249,DEMO_SIMULATION
2025-11-27,50000195,색조메이크업,23.3752,DEMO_SIMULATION
2025-11-28,50000195,색조메이크업,28.7473,DEMO_SIMULATION
2025-11-29,50000195,색조메이크업,28.6844,DEMO_SIMULATION
2025-11-30,50000195,색조메이크업,31.7931,DEMO_SIMULATION
2025-12-01,50000195,색조메이크업,57.9222,DEMO_SIMULATION
2025-12-02,50000195,색조메이크업,56.3643,DEMO_SIMULATION
2025-12-03,50000195,색조메이크업,57.1291,DEMO_SIMULATION
2025-12-04,50000195,색조메이크업,50.5918,DEMO_SIMULATION
2025-12-05,50000195,색조메이크업,52.606,DEMO_SIMULATION
2025-12-06,50000195,색조메이크업,56.1872,DEMO_SIMULATION
2025-12-07,50000195,색조메이크업,60.2524,DEMO_SIMULATION
2025-12-08,50000195,색조메이크업,46.314,DEMO_SIMULATION
2025-12-09,50000195,색조메이크업,40.6312,DEMO_SIMULATION
2025-12-10,50000195,색조메이크업,34.2973,DEMO_SIMULATION
2025-12-11,50000195,색조메이크업,32.9468,DEMO_SIMULATION
2025-12-12,50000195,색조메이크업,38.0567,DEMO_SIMULATION
2025-12-13,50000195,색조메이크업,35.1268,DEMO_SIMULATION
2025-12-14,50000195,색조메이크업,41.2668,DEMO_SIMULATION
2025-12-15,50000195,색조메이크업,39.9954,DEMO_SIMULATION
2025-12-16,50000195,색조메이크업,39.4292,DEMO_SIMULATION
2025-12-17,50000195,색조메이크업,38.8333,DEMO_SIMULATION
2025-12-18,50000195,색조메이크업,34.655,DEMO_SIMULATION
2025-12-19,50000195,색조메이크업,37.1702,DEMO_SIMULATION
2025-12-20,50000195,색조메이크업,39.6,DEMO_SIMULATION
2025-12-21,50000195,색조메이크업,45.7385,DEMO_SIMULATION
2025-12-22,50000195,색조메이크업,42.7544,DEMO_SIMULATION
2025-12-23,50000195,색조메이크업,40.6463,DEMO_SIMULATION
2025-12-24,50000195,색조메이크업,40.749,DEMO_SIMULATION
2025-12-25,50000195,색조메이크업,37.3003,DEMO_SIMULATION
2025-12-26,50000195,색조메이크업,35.1834,DEMO_SIMULATION
2025-12-27,50000195,색조메이크업,37.672,DEMO_SIMULATION
2025-12-28,50000195,색조메이크업,46.2026,DEMO_SIMULATION
2025-12-29,50000195,색조메이크업,42.7952,DEMO_SIMULATION
2025-12-30,50000195,색조메이크업,40.7039,DEMO_SIMULATION
2025-12-31,50000195,색조메이크업,34.1459,DEMO_SIMULATION
2026-01-01,50000195,색조메이크업,48.0178,DEMO_SIMULATION
2026-01-02,50000195,색조메이크업,48.1802,DEMO_SIMULATION
2026-01-03,50000195,색조메이크업,47.1868,DEMO_SIMULATION
2026-01-04,50000195,색조메이크업,60.9878,DEMO_SIMULATION
2026-01-05,50000195,색조메이크업,60.2775,DEMO_SIMULATION
2026-01-06,50000195,색조메이크업,47.0709,DEMO_SIMULATION
2026-01-07,50000195,색조메이크업,54.0088,DEMO_SIMULATION
2026-01-08,50000195,색조메이크업,55.0758,DEMO_SIMULATION
2026-01-09,50000195,색조메이크업,51.5498,DEMO_SIMULATION
2026-01-10,50000195,색조메이크업,51.7403,DEMO_SIMULATION
2026-01-11,50000195,색조메이크업,61.2134,DEMO_SIMULATION
2026-01-12,50000195,색조메이크업,53.8427,DEMO_SIMULATION
2026-01-13,50000195,색조메이크업,52.4574,DEMO_SIMULATION
2026-01-14,50000195,색조메이크업,47.204,DEMO_SIMULATION
2026-01-15,50000195,색조메이크업,51.8367,DEMO_SIMULATION
2026-01-16,50000195,색조메이크업,54.364,DEMO_SIMULATION
2026-01-17,50000195,색조메이크업,48.2359,DEMO_SIMULATION
2026-01-18,50000195,색조메이크업,59.6759,DEMO_SIMULATION
2026-01-19,50000195,색조메이크업,60.9917,DEMO_SIMULATION
2026-01-20,50000195,색조메이크업,47.7679,DEMO_SIMULATION
2026-01-21,50000195,색조메이크업,47.3939,DEMO_SIMULATION
2026-01-22,50000195,색조메이크업,50.4628,DEMO_SIMULATION
2026-01-23,50000195,색조메이크업,52.9903,DEMO_SIMULATION
2026-01-24,50000195,색조메이크업,49.3785,DEMO_SIMULATION
2026-01-25,50000195,색조메이크업,58.8042,DEMO_SIMULATION
2026-01-26,50000195,색조메이크업,54.1292,DEMO_SIMULATION
2026-01-27,50000195,색조메이크업,52.2624,DEMO_SIMULATION
2026-01-28,50000195,색조메이크업,50.593,DEMO_SIMULATION
2026-01-29,50000195,색조메이크업,49.9318,DEMO_SIMULATION
2026-01-30,50000195,색조메이크업,54.4211,DEMO_SIMULATION
2026-01-31,50000195,색조메이크업,49.917,DEMO_SIMULATION
2026-02-01,50000195,색조메이크업,67.5707,DEMO_SIMULATION
2026-02-02,50000195,색조메이크업,71.8753,DEMO_SIMULATION
2026-02-03,50000195,색조메이크업,68.6496,DEMO_SIMULATION
2026-02-04,50000195,색조메이크업,68.2221,DEMO_SIMULATION
2026-02-05,50000195,색조메이크업,63.903,DEMO_SIMULATION
2026-02-06,50000195,색조메이크업,65.4803,DEMO_SIMULATION
2026-02-07,50000195,색조메이크업,67.069,DEMO_SIMULATION
2026-02-08,50000195,색조메이크업,68.6515,DEMO_SIMULATION
2026-02-09,50000195,색조메이크업,70.4632,DEMO_SIMULATION
2026-02-10,50000195,색조메이크업,64.5321,DEMO_SIMULATION
2026-02-11,50000195,색조메이크업,64.9918,DEMO_SIMULATION
2026-02-12,50000195,색조메이크업,60.4432,DEMO_SIMULATION
2026-02-13,50000195,색조메이크업,65.5938,DEMO_SIMULATION
2026-02-14,50000195,색조메이크업,65.4207,DEMO_SIMULATION
2026-02-15,50000195,색조메이크업,70.4366,DEMO_SIMULATION
2026-02-16,50000195,색조메이크업,73.9606,DEMO_SIMULATION
2026-02-17,50000195,색조메이크업,63.3116,DEMO_SIMULATION
2026-02-18,50000195,색조메이크업,65.5729,DEMO_SIMULATION
2026-02-19,50000195,색조메이크업,66.4725,DEMO_SIMULATION
2026-02-20,50000195,색조메이크업,64.1875,DEMO_SIMULATION
2026-02-21,50000195,색조메이크업,67.093,DEMO_SIMULATION
2026-02-22,50000195,색조메이크업,73.8794,DEMO_SIMULATION
2026-02-23,50000195,색조메이크업,67.3437,DEMO_SIMULATION
2026-02-24,50000195,색조메이크업,64.3061,DEMO_SIMULATION
2026-02-25,50000195,색조메이크업,65.9886,DEMO_SIMULATION
2026-02-26,50000195,색조메이크업,62.606,DEMO_SIMULATION
2026-02-27,50000195,색조메이크업,62.945,DEMO_SIMULATION
2026-02-28,50000195,색조메이크업,62.5929,DEMO_SIMULATION
2026-03-01,50000195,색조메이크업,95.9708,DEMO_SIMULATION
2026-03-02,50000195,색조메이크업,100.0,DEMO_SIMULATION
2026-03-03,50000195,색조메이크업,91.7061,DEMO_SIMULATION
2026-03-04,50000195,색조메이크업,89.7315,DEMO_SIMULATION
2026-03-05,50000195,색조메이크업,87.7569,DEMO_SIMULATION
2026-03-06,50000195,색조메이크업,89.2617,DEMO_SIMULATION
2026-03-07,50000195,색조메이크업,86.3844,DEMO_SIMULATION
2026-03-08,50000195,색조메이크업,85.1987,DEMO_SIMULATION
2026-03-09,50000195,색조메이크업,78.0374,DEMO_SIMULATION
2026-03-10,50000195,색조메이크업,71.8751,DEMO_SIMULATION
2026-03-11,50000195,색조메이크업,70.8782,DEMO_SIMULATION
2026-03-12,50000195,색조메이크업,78.5424,DEMO_SIMULATION
2026-03-13,50000195,색조메이크업,72.3713,DEMO_SIMULATION
2026-03-14,50000195,색조메이크업,77.7925,DEMO_SIMULATION
2026-03-15,50000195,색조메이크업,79.4725,DEMO_SIMULATION
2026-03-16,50000195,색조메이크업,82.2414,DEMO_SIMULATION
2026-03-17,50000195,색조메이크업,75.5037,DEMO_SIMULATION
2026-03-18,50000195,색조메이크업,78.4413,DEMO_SIMULATION
2026-03-19,50000195,색조메이크업,75.0025,DEMO_SIMULATION
2026-03-20,50000195,색조메이크업,71.4662,DEMO_SIMULATION
2026-03-21,50000195,색조메이크업,72.2924,DEMO_SIMULATION
2026-03-22,50000195,색조메이크업,85.1065,DEMO_SIMULATION
2026-03-23,50000195,색조메이크업,77.6207,DEMO_SIMULATION
2026-03-24,50000195,색조메이크업,71.5,DEMO_SIMULATION
2026-03-25,50000195,색조메이크업,70.5101,DEMO_SIMULATION
2026-03-26,50000195,색조메이크업,77.0801,DEMO_SIMULATION
2026-03-27,50000195,색조메이크업,76.8085,DEMO_SIMULATION
2026-03-28,50000195,색조메이크업,76.4409,DEMO_SIMULATION
2026-03-29,50000195,색조메이크업,84.3236,DEMO_SIMULATION
2026-03-30,50000195,색조메이크업,79.3406,DEMO_SIMULATION
2026-03-31,50000195,색조메이크업,76.6889,DEMO_SIMULATION
2026-04-01,50000195,색조메이크업,79.0304,DEMO_SIMULATION
2026-04-02,50000195,색조메이크업,74.556,DEMO_SIMULATION
2026-04-03,50000195,색조메이크업,81.9832,DEMO_SIMULATION
2026-04-04,50000195,색조메이크업,78.748,DEMO_SIMULATION
2026-04-05,50000195,색조메이크업,81.5277,DEMO_SIMULATION
2026-04-06,50000195,색조메이크업,87.046,DEMO_SIMULATION
2026-04-07,50000195,색조메이크업,75.6011,DEMO_SIMULATION
2026-04-08,50000195,색조메이크업,74.4631,DEMO_SIMULATION
2026-04-09,50000195,색조메이크업,81.5682,DEMO_SIMULATION
2026-04-10,50000195,색조메이크업,80.9842,DEMO_SIMULATION
2026-04-11,50000195,색조메이크업,80.2556,DEMO_SIMULATION
2026-04-12,50000195,색조메이크업,85.8057,DEMO_SIMULATION
2026-04-13,50000195,색조메이크업,87.5174,DEMO_SIMULATION
2026-04-14,50000195,색조메이크업,78.0428,DEMO_SIMULATION
2026-04-15,50000195,색조메이크업,77.9243,DEMO_SIMULATION
2026-04-16,50000195,색조메이크업,75.4654,DEMO_SIMULATION
2026-04-17,50000195,색조메이크업,77.902,DEMO_SIMULATION
2026-04-18,50000195,색조메이크업,74.6075,DEMO_SIMULATION
2026-04-19,50000195,색조메이크업,88.5888,DEMO_SIMULATION
2026-04-20,50000195,색조메이크업,81.3345,DEMO_SIMULATION
2026-04-21,50000195,색조메이크업,79.0461,DEMO_SIMULATION
2026-04-22,50000195,색조메이크업,76.8187,DEMO_SIMULATION
2026-04-23,50000195,색조메이크업,79.8703,DEMO_SIMULATION
2026-04-24,50000195,색조메이크업,81.4716,DEMO_SIMULATION
2026-04-25,50000195,색조메이크업,82.528,DEMO_SIMULATION
2026-04-26,50000195,색조메이크업,86.7624,DEMO_SIMULATION
2026-04-27,50000195,색조메이크업,80.5585,DEMO_SIMULATION
2026-04-28,50000195,색조메이크업,78.331,DEMO_SIMULATION
2026-04-29,50000195,색조메이크업,79.1155,DEMO_SIMULATION
2026-04-30,50000195,색조메이크업,79.8661,DEMO_SIMULATION
2026-05-01,50000195,색조메이크업,72.1386,DEMO_SIMULATION
2026-05-02,50000195,색조메이크업,78.2436,DEMO_SIMULATION
2026-05-03,50000195,색조메이크업,78.8524,DEMO_SIMULATION
2026-05-04,50000195,색조메이크업,77.3657,DEMO_SIMULATION
2026-05-05,50000195,색조메이크업,76.7729,DEMO_SIMULATION
2026-05-06,50000195,색조메이크업,73.6141,DEMO_SIMULATION
2026-05-07,50000195,색조메이크업,78.2641,DEMO_SIMULATION
2026-05-08,50000195,색조메이크업,73.0997,DEMO_SIMULATION
2026-05-09,50000195,색조메이크업,76.1481,DEMO_SIMULATION
2026-05-10,50000195,색조메이크업,78.8246,DEMO_SIMULATION
2026-05-11,50000195,색조메이크업,77.1612,DEMO_SIMULATION
2026-05-12,50000195,색조메이크업,78.7655,DEMO_SIMULATION
2026-05-13,50000195,색조메이크업,78.8483,DEMO_SIMULATION
2026-05-14,50000195,색조메이크업,73.8493,DEMO_SIMULATION
2026-05-15,50000195,색조메이크업,78.3533,DEMO_SIMULATION
2026-05-16,50000195,색조메이크업,72.0509,DEMO_SIMULATION
2026-05-17,50000195,색조메이크업,79.9256,DEMO_SIMULATION
2026-05-18,50000195,색조메이크업,81.677,DEMO_SIMULATION
2026-05-19,50000195,색조메이크업,73.0119,DEMO_SIMULATION
2026-05-20,50000195,색조메이크업,77.8683,DEMO_SIMULATION
2026-05-21,50000195,색조메이크업,72.8194,DEMO_SIMULATION
2026-05-22,50000195,색조메이크업,76.9855,DEMO_SIMULATION
2026-05-23,50000195,색조메이크업,77.8125,DEMO_SIMULATION
2026-05-24,50000195,색조메이크업,77.0513,DEMO_SIMULATION
2026-05-25,50000195,색조메이크업,83.4163,DEMO_SIMULATION
2026-05-26,50000195,색조메이크업,71.3889,DEMO_SIMULATION
2026-05-27,50000195,색조메이크업,73.9022,DEMO_SIMULATION
2026-05-28,50000195,색조메이크업,70.92,DEMO_SIMULATION
2026-05-29,50000195,색조메이크업,74.8806,DEMO_SIMULATION
2026-05-30,50000195,색조메이크업,73.971,DEMO_SIMULATION
2026-05-31,50000195,색조메이크업,79.9181,DEMO_SIMULATION
2026-06-01,50000195,색조메이크업,84.0073,DEMO_SIMULATION
2026-06-02,50000195,색조메이크업,81.3961,DEMO_SIMULATION
2026-06-03,50000195,색조메이크업,77.0115,DEMO_SIMULATION
2026-06-04,50000195,색조메이크업,81.4955,DEMO_SIMULATION
2026-06-05,50000195,색조메이크업,82.6757,DEMO_SIMULATION
2026-06-06,50000195,색조메이크업,77.379,DEMO_SIMULATION
2026-06-07,50000195,색조메이크업,86.7136,DEMO_SIMULATION
2026-06-08,50000195,색조메이크업,72.3269,DEMO_SIMULATION
2026-06-09,50000195,색조메이크업,62.4344,DEMO_SIMULATION
2026-06-10,50000195,색조메이크업,64.5947,DEMO_SIMULATION
2026-06-11,50000195,색조메이크업,62.9655,DEMO_SIMULATION
2026-06-12,50000195,색조메이크업,68.4355,DEMO_SIMULATION
2026-06-13,50000195,색조메이크업,65.1302,DEMO_SIMULATION
2026-06-14,50000195,색조메이크업,73.2614,DEMO_SIMULATION
2026-06-15,50000195,색조메이크업,72.1585,DEMO_SIMULATION
2026-06-16,50000195,색조메이크업,64.2441,DEMO_SIMULATION
2026-06-17,50000195,색조메이크업,67.7802,DEMO_SIMULATION
2026-06-18,50000195,색조메이크업,67.6541,DEMO_SIMULATION
2026-06-19,50000195,색조메이크업,62.9918,DEMO_SIMULATION
2026-06-20,50000195,색조메이크업,66.9502,DEMO_SIMULATION
2026-06-21,50000195,색조메이크업,66.7685,DEMO_SIMULATION
2026-06-22,50000195,색조메이크업,73.5881,DEMO_SIMULATION
2026-06-23,50000195,색조메이크업,60.6249,DEMO_SIMULATION
2026-06-24,50000195,색조메이크업,61.7402,DEMO_SIMULATION
2026-06-25,50000195,색조메이크업,64.9265,DEMO_SIMULATION
2026-06-26,50000195,색조메이크업,68.3178,DEMO_SIMULATION
2026-06-27,50000195,색조메이크업,63.7607,DEMO_SIMULATION
2026-06-28,50000195,색조메이크업,71.4079,DEMO_SIMULATION
2026-06-29,50000195,색조메이크업,74.3004,DEMO_SIMULATION
2026-06-30,50000195,색조메이크업,64.8775,DEMO_SIMULATION
2026-07-01,50000195,색조메이크업,53.1935,DEMO_SIMULATION
2026-07-02,50000195,색조메이크업,50.6961,DEMO_SIMULATION
2026-07-03,50000195,색조메이크업,50.7706,DEMO_SIMULATION
2026-07-04,50000195,색조메이크업,52.8208,DEMO_SIMULATION
2026-07-05,50000195,색조메이크업,60.2541,DEMO_SIMULATION
2026-07-06,50000195,색조메이크업,53.3287,DEMO_SIMULATION
2026-07-07,50000195,색조메이크업,53.6833,DEMO_SIMULATION
2026-07-08,50000195,색조메이크업,50.04,DEMO_SIMULATION
2026-07-09,50000195,색조메이크업,48.5435,DEMO_SIMULATION
2026-07-10,50000195,색조메이크업,54.9006,DEMO_SIMULATION
2026-07-11,50000195,색조메이크업,51.7849,DEMO_SIMULATION
2026-07-12,50000195,색조메이크업,58.8287,DEMO_SIMULATION
2026-07-13,50000195,색조메이크업,58.0435,DEMO_SIMULATION
2026-07-14,50000195,색조메이크업,49.6429,DEMO_SIMULATION
2026-07-15,50000195,색조메이크업,47.7223,DEMO_SIMULATION
2026-07-16,50000195,색조메이크업,52.8691,DEMO_SIMULATION
2026-07-17,50000195,색조메이크업,46.7549,DEMO_SIMULATION
2026-07-18,50000195,색조메이크업,49.2088,DEMO_SIMULATION
2026-07-19,50000195,색조메이크업,57.6097,DEMO_SIMULATION
2026-07-20,50000195,색조메이크업,58.5167,DEMO_SIMULATION
2026-07-21,50000195,색조메이크업,50.5403,DEMO_SIMULATION
2026-07-22,50000195,색조메이크업,53.0665,DEMO_SIMULATION
2026-07-23,50000195,색조메이크업,53.3449,DEMO_SIMULATION
2026-07-24,50000195,색조메이크업,53.4902,DEMO_SIMULATION
2026-07-25,50000195,색조메이크업,50.249,DEMO_SIMULATION
2026-07-26,50000195,색조메이크업,58.6108,DEMO_SIMULATION
2026-07-27,50000195,색조메이크업,60.3909,DEMO_SIMULATION
2026-07-28,50000195,색조메이크업,53.7271,DEMO_SIMULATION
2026-07-29,50000195,색조메이크업,47.1149,DEMO_SIMULATION
2026-07-30,50000195,색조메이크업,49.6071,DEMO_SIMULATION
2026-07-31,50000195,색조메이크업,52.2746,DEMO_SIMULATION
2026-08-01,50000195,색조메이크업,33.9164,DEMO_SIMULATION
2026-08-02,50000195,색조메이크업,47.3729,DEMO_SIMULATION
2026-08-03,50000195,색조메이크업,43.6771,DEMO_SIMULATION
2026-08-04,50000195,색조메이크업,37.7165,DEMO_SIMULATION
2026-08-05,50000195,색조메이크업,33.0044,DEMO_SIMULATION
2026-08-06,50000195,색조메이크업,34.7688,DEMO_SIMULATION
2026-08-07,50000195,색조메이크업,36.1616,DEMO_SIMULATION
2026-08-08,50000195,색조메이크업,33.9895,DEMO_SIMULATION
2026-08-09,50000195,색조메이크업,44.0425,DEMO_SIMULATION
2026-08-10,50000195,색조메이크업,46.1313,DEMO_SIMULATION
2026-08-11,50000195,색조메이크업,40.7789,DEMO_SIMULATION
2026-08-12,50000195,색조메이크업,40.2034,DEMO_SIMULATION
2026-08-13,50000195,색조메이크업,40.5857,DEMO_SIMULATION
2026-08-14,50000195,색조메이크업,37.5153,DEMO_SIMULATION
2026-08-15,50000195,색조메이크업,35.8644,DEMO_SIMULATION
2026-08-16,50000195,색조메이크업,47.0349,DEMO_SIMULATION
2026-08-17,50000195,색조메이크업,45.0333,DEMO_SIMULATION
2026-08-18,50000195,색조메이크업,35.9785,DEMO_SIMULATION
2026-08-19,50000195,색조메이크업,33.8786,DEMO_SIMULATION
2026-08-20,50000195,색조메이크업,36.4219,DEMO_SIMULATION
2026-08-21,50000195,색조메이크업,40.4001,DEMO_SIMULATION
2026-08-22,50000195,색조메이크업,39.4748,DEMO_SIMULATION
2026-08-23,50000195,색조메이크업,46.458,DEMO_SIMULATION
2026-08-24,50000195,색조메이크업,45.6475,DEMO_SIMULATION
2026-08-25,50000195,색조메이크업,34.6648,DEMO_SIMULATION
2026-08-26,50000195,색조메이크업,40.7828,DEMO_SIMULATION
2026-08-27,50000195,색조메이크업,35.8657,DEMO_SIMULATION
2026-08-28,50000195,색조메이크업,39.0555,DEMO_SIMULATION
2026-08-29,50000195,색조메이크업,35.5462,DEMO_SIMULATION
2026-08-30,50000195,색조메이크업,45.6964,DEMO_SIMULATION
2026-08-31,50000195,색조메이크업,39.3359,DEMO_SIMULATION
2026-09-01,50000195,색조메이크업,45.0855,DEMO_SIMULATION
2026-09-02,50000195,색조메이크업,39.0047,DEMO_SIMULATION
2026-09-03,50000195,색조메이크업,44.7196,DEMO_SIMULATION
2026-09-04,50000195,색조메이크업,46.6768,DEMO_SIMULATION
2026-09-05,50000195,색조메이크업,43.1787,DEMO_SIMULATION
2026-09-06,50000195,색조메이크업,49.3269,DEMO_SIMULATION
2026-09-07,50000195,색조메이크업,51.3553,DEMO_SIMULATION
2026-09-08,50000195,색조메이크업,24.3721,DEMO_SIMULATION
2025-09-09,50000191,선케어,31.4398,DEMO_SIMULATION
2025-09-10,50000191,선케어,31.3353,DEMO_SIMULATION
2025-09-11,50000191,선케어,33.1091,DEMO_SIMULATION
2025-09-12,50000191,선케어,31.4969,DEMO_SIMULATION
2025-09-13,50000191,선케어,38.1052,DEMO_SIMULATION
2025-09-14,50000191,선케어,39.7822,DEMO_SIMULATION
2025-09-15,50000191,선케어,39.8502,DEMO_SIMULATION
2025-09-16,50000191,선케어,34.6514,DEMO_SIMULATION
2025-09-17,50000191,선케어,32.2833,DEMO_SIMULATION
2025-09-18,50000191,선케어,32.0781,DEMO_SIMULATION
2025-09-19,50000191,선케어,37.9945,DEMO_SIMULATION
2025-09-20,50000191,선케어,34.2783,DEMO_SIMULATION
2025-09-21,50000191,선케어,37.77,DEMO_SIMULATION
2025-09-22,50000191,선케어,37.3587,DEMO_SIMULATION
2025-09-23,50000191,선케어,35.1574,DEMO_SIMULATION
2025-09-24,50000191,선케어,35.7463,DEMO_SIMULATION
2025-09-25,50000191,선케어,32.0819,DEMO_SIMULATION
2025-09-26,50000191,선케어,33.4012,DEMO_SIMULATION
2025-09-27,50000191,선케어,36.3068,DEMO_SIMULATION
2025-09-28,50000191,선케어,41.5224,DEMO_SIMULATION
2025-09-29,50000191,선케어,39.9823,DEMO_SIMULATION
2025-09-30,50000191,선케어,33.9984,DEMO_SIMULATION
2025-10-01,50000191,선케어,17.2299,DEMO_SIMULATION
2025-10-02,50000191,선케어,9.7237,DEMO_SIMULATION
2025-10-03,50000191,선케어,12.3344,DEMO_SIMULATION
2025-10-04,50000191,선케어,15.9182,DEMO_SIMULATION
2025-10-05,50000191,선케어,22.361,DEMO_SIMULATION
2025-10-06,50000191,선케어,18.7953,DEMO_SIMULATION
2025-10-07,50000191,선케어,10.3901,DEMO_SIMULATION
2025-10-08,50000191,선케어,17.1821,DEMO_SIMULATION
2025-10-09,50000191,선케어,14.6082,DEMO_SIMULATION
2025-10-10,50000191,선케어,13.7805,DEMO_SIMULATION
2025-10-11,50000191,선케어,12.54,DEMO_SIMULATION
2025-10-12,50000191,선케어,25.4793,DEMO_SIMULATION
2025-10-13,50000191,선케어,20.2179,DEMO_SIMULATION
2025-10-14,50000191,선케어,18.7156,DEMO_SIMULATION
2025-10-15,50000191,선케어,15.8362,DEMO_SIMULATION
2025-10-16,50000191,선케어,17.6081,DEMO_SIMULATION
2025-10-17,50000191,선케어,12.8229,DEMO_SIMULATION
2025-10-18,50000191,선케어,18.3706,DEMO_SIMULATION
2025-10-19,50000191,선케어,23.0055,DEMO_SIMULATION
2025-10-20,50000191,선케어,17.0095,DEMO_SIMULATION
2025-10-21,50000191,선케어,16.5905,DEMO_SIMULATION
2025-10-22,50000191,선케어,18.1411,DEMO_SIMULATION
2025-10-23,50000191,선케어,12.3185,DEMO_SIMULATION
2025-10-24,50000191,선케어,17.0159,DEMO_SIMULATION
2025-10-25,50000191,선케어,14.3121,DEMO_SIMULATION
2025-10-26,50000191,선케어,22.947,DEMO_SIMULATION
2025-10-27,50000191,선케어,24.7603,DEMO_SIMULATION
2025-10-28,50000191,선케어,11.7804,DEMO_SIMULATION
2025-10-29,50000191,선케어,11.4125,DEMO_SIMULATION
2025-10-30,50000191,선케어,14.5193,DEMO_SIMULATION
2025-10-31,50000191,선케어,18.0826,DEMO_SIMULATION
2025-11-01,50000191,선케어,5.7183,DEMO_SIMULATION
2025-11-02,50000191,선케어,8.9589,DEMO_SIMULATION
2025-11-03,50000191,선케어,6.6939,DEMO_SIMULATION
2025-11-04,50000191,선케어,5.7183,DEMO_SIMULATION
2025-11-05,50000191,선케어,5.7183,DEMO_SIMULATION
2025-11-06,50000191,선케어,5.7183,DEMO_SIMULATION
2025-11-07,50000191,선케어,5.7183,DEMO_SIMULATION
2025-11-08,50000191,선케어,5.7183,DEMO_SIMULATION
2025-11-09,50000191,선케어,7.5444,DEMO_SIMULATION
2025-11-10,50000191,선케어,5.7183,DEMO_SIMULATION
2025-11-11,50000191,선케어,5.7183,DEMO_SIMULATION
2025-11-12,50000191,선케어,5.7183,DEMO_SIMULATION
2025-11-13,50000191,선케어,5.7183,DEMO_SIMULATION
2025-11-14,50000191,선케어,5.7183,DEMO_SIMULATION
2025-11-15,50000191,선케어,5.7183,DEMO_SIMULATION
2025-11-16,50000191,선케어,8.0313,DEMO_SIMULATION
2025-11-17,50000191,선케어,6.032,DEMO_SIMULATION
2025-11-18,50000191,선케어,5.7183,DEMO_SIMULATION
2025-11-19,50000191,선케어,5.7183,DEMO_SIMULATION
2025-11-20,50000191,선케어,5.7183,DEMO_SIMULATION
2025-11-21,50000191,선케어,5.7183,DEMO_SIMULATION
2025-11-22,50000191,선케어,5.7183,DEMO_SIMULATION
2025-11-23,50000191,선케어,6.5959,DEMO_SIMULATION
2025-11-24,50000191,선케어,5.7183,DEMO_SIMULATION
2025-11-25,50000191,선케어,5.7183,DEMO_SIMULATION
2025-11-26,50000191,선케어,5.7183,DEMO_SIMULATION
2025-11-27,50000191,선케어,5.7183,DEMO_SIMULATION
2025-11-28,50000191,선케어,5.7183,DEMO_SIMULATION
2025-11-29,50000191,선케어,5.7183,DEMO_SIMULATION
2025-11-30,50000191,선케어,6.0962,DEMO_SIMULATION
2025-12-01,50000191,선케어,18.4754,DEMO_SIMULATION
2025-12-02,50000191,선케어,7.3789,DEMO_SIMULATION
2025-12-03,50000191,선케어,15.8229,DEMO_SIMULATION
2025-12-04,50000191,선케어,11.2063,DEMO_SIMULATION
2025-12-05,50000191,선케어,9.1754,DEMO_SIMULATION
2025-12-06,50000191,선케어,9.3767,DEMO_SIMULATION
2025-12-07,50000191,선케어,21.2533,DEMO_SIMULATION
2025-12-08,50000191,선케어,5.7183,DEMO_SIMULATION
2025-12-09,50000191,선케어,5.7183,DEMO_SIMULATION
2025-12-10,50000191,선케어,5.7183,DEMO_SIMULATION
2025-12-11,50000191,선케어,5.7183,DEMO_SIMULATION
2025-12-12,50000191,선케어,5.7183,DEMO_SIMULATION
2025-12-13,50000191,선케어,5.7183,DEMO_SIMULATION
2025-12-14,50000191,선케어,5.7183,DEMO_SIMULATION
2025-12-15,50000191,선케어,5.7183,DEMO_SIMULATION
2025-12-16,50000191,선케어,5.7183,DEMO_SIMULATION
2025-12-17,50000191,선케어,5.7183,DEMO_SIMULATION
2025-12-18,50000191,선케어,5.7183,DEMO_SIMULATION
2025-12-19,50000191,선케어,5.7183,DEMO_SIMULATION
2025-12-20,50000191,선케어,5.7183,DEMO_SIMULATION
2025-12-21,50000191,선케어,5.7183,DEMO_SIMULATION
2025-12-22,50000191,선케어,5.7183,DEMO_SIMULATION
2025-12-23,50000191,선케어,5.7183,DEMO_SIMULATION
2025-12-24,50000191,선케어,5.7183,DEMO_SIMULATION
2025-12-25,50000191,선케어,5.7183,DEMO_SIMULATION
2025-12-26,50000191,선케어,5.7183,DEMO_SIMULATION
2025-12-27,50000191,선케어,5.7183,DEMO_SIMULATION
2025-12-28,50000191,선케어,5.7183,DEMO_SIMULATION
2025-12-29,50000191,선케어,5.7183,DEMO_SIMULATION
2025-12-30,50000191,선케어,5.7183,DEMO_SIMULATION
2025-12-31,50000191,선케어,5.7183,DEMO_SIMULATION
2026-01-01,50000191,선케어,5.7183,DEMO_SIMULATION
2026-01-02,50000191,선케어,5.7183,DEMO_SIMULATION
2026-01-03,50000191,선케어,5.7183,DEMO_SIMULATION
2026-01-04,50000191,선케어,9.6287,DEMO_SIMULATION
2026-01-05,50000191,선케어,5.7183,DEMO_SIMULATION
2026-01-06,50000191,선케어,5.7183,DEMO_SIMULATION
2026-01-07,50000191,선케어,5.7183,DEMO_SIMULATION
2026-01-08,50000191,선케어,5.7183,DEMO_SIMULATION
2026-01-09,50000191,선케어,5.7183,DEMO_SIMULATION
2026-01-10,50000191,선케어,5.7183,DEMO_SIMULATION
2026-01-11,50000191,선케어,5.7183,DEMO_SIMULATION
2026-01-12,50000191,선케어,5.7183,DEMO_SIMULATION
2026-01-13,50000191,선케어,5.7183,DEMO_SIMULATION
2026-01-14,50000191,선케어,5.7183,DEMO_SIMULATION
2026-01-15,50000191,선케어,5.7183,DEMO_SIMULATION
2026-01-16,50000191,선케어,5.7183,DEMO_SIMULATION
2026-01-17,50000191,선케어,5.7183,DEMO_SIMULATION
2026-01-18,50000191,선케어,5.7183,DEMO_SIMULATION
2026-01-19,50000191,선케어,5.7183,DEMO_SIMULATION
2026-01-20,50000191,선케어,5.7183,DEMO_SIMULATION
2026-01-21,50000191,선케어,5.7183,DEMO_SIMULATION
2026-01-22,50000191,선케어,5.7183,DEMO_SIMULATION
2026-01-23,50000191,선케어,5.7183,DEMO_SIMULATION
2026-01-24,50000191,선케어,5.7183,DEMO_SIMULATION
2026-01-25,50000191,선케어,5.7183,DEMO_SIMULATION
2026-01-26,50000191,선케어,7.3741,DEMO_SIMULATION
2026-01-27,50000191,선케어,5.7183,DEMO_SIMULATION
2026-01-28,50000191,선케어,5.7183,DEMO_SIMULATION
2026-01-29,50000191,선케어,5.7183,DEMO_SIMULATION
2026-01-30,50000191,선케어,5.7183,DEMO_SIMULATION
2026-01-31,50000191,선케어,5.7183,DEMO_SIMULATION
2026-02-01,50000191,선케어,23.2319,DEMO_SIMULATION
2026-02-02,50000191,선케어,22.4866,DEMO_SIMULATION
2026-02-03,50000191,선케어,16.7683,DEMO_SIMULATION
2026-02-04,50000191,선케어,9.9652,DEMO_SIMULATION
2026-02-05,50000191,선케어,12.0197,DEMO_SIMULATION
2026-02-06,50000191,선케어,15.1535,DEMO_SIMULATION
2026-02-07,50000191,선케어,18.3205,DEMO_SIMULATION
2026-02-08,50000191,선케어,23.5979,DEMO_SIMULATION
2026-02-09,50000191,선케어,21.2206,DEMO_SIMULATION
2026-02-10,50000191,선케어,16.095,DEMO_SIMULATION
2026-02-11,50000191,선케어,10.4275,DEMO_SIMULATION
2026-02-12,50000191,선케어,14.146,DEMO_SIMULATION
2026-02-13,50000191,선케어,16.9331,DEMO_SIMULATION
2026-02-14,50000191,선케어,12.3509,DEMO_SIMULATION
2026-02-15,50000191,선케어,20.3229,DEMO_SIMULATION
2026-02-16,50000191,선케어,21.5685,DEMO_SIMULATION
2026-02-17,50000191,선케어,18.8097,DEMO_SIMULATION
2026-02-18,50000191,선케어,14.3364,DEMO_SIMULATION
2026-02-19,50000191,선케어,14.8725,DEMO_SIMULATION
2026-02-20,50000191,선케어,12.3993,DEMO_SIMULATION
2026-02-21,50000191,선케어,14.3931,DEMO_SIMULATION
2026-02-22,50000191,선케어,23.4131,DEMO_SIMULATION
2026-02-23,50000191,선케어,23.606,DEMO_SIMULATION
2026-02-24,50000191,선케어,14.0113,DEMO_SIMULATION
2026-02-25,50000191,선케어,17.4587,DEMO_SIMULATION
2026-02-26,50000191,선케어,13.223,DEMO_SIMULATION
2026-02-27,50000191,선케어,16.6662,DEMO_SIMULATION
2026-02-28,50000191,선케어,15.2012,DEMO_SIMULATION
2026-03-01,50000191,선케어,60.5873,DEMO_SIMULATION
2026-03-02,50000191,선케어,54.813,DEMO_SIMULATION
2026-03-03,50000191,선케어,51.9974,DEMO_SIMULATION
2026-03-04,50000191,선케어,47.5866,DEMO_SIMULATION
2026-03-05,50000191,선케어,50.9474,DEMO_SIMULATION
2026-03-06,50000191,선케어,52.5566,DEMO_SIMULATION
2026-03-07,50000191,선케어,51.4263,DEMO_SIMULATION
2026-03-08,50000191,선케어,36.982,DEMO_SIMULATION
2026-03-09,50000191,선케어,44.7153,DEMO_SIMULATION
2026-03-10,50000191,선케어,35.7171,DEMO_SIMULATION
2026-03-11,50000191,선케어,35.5257,DEMO_SIMULATION
2026-03-12,50000191,선케어,32.3416,DEMO_SIMULATION
2026-03-13,50000191,선케어,38.0145,DEMO_SIMULATION
2026-03-14,50000191,선케어,37.7735,DEMO_SIMULATION
2026-03-15,50000191,선케어,38.9981,DEMO_SIMULATION
2026-03-16,50000191,선케어,38.1021,DEMO_SIMULATION
2026-03-17,50000191,선케어,34.2794,DEMO_SIMULATION
2026-03-18,50000191,선케어,32.7453,DEMO_SIMULATION
2026-03-19,50000191,선케어,38.4258,DEMO_SIMULATION
2026-03-20,50000191,선케어,36.4385,DEMO_SIMULATION
2026-03-21,50000191,선케어,30.9861,DEMO_SIMULATION
2026-03-22,50000191,선케어,44.2511,DEMO_SIMULATION
2026-03-23,50000191,선케어,39.1931,DEMO_SIMULATION
2026-03-24,50000191,선케어,31.8407,DEMO_SIMULATION
2026-03-25,50000191,선케어,37.0711,DEMO_SIMULATION
2026-03-26,50000191,선케어,35.6697,DEMO_SIMULATION
2026-03-27,50000191,선케어,34.7696,DEMO_SIMULATION
2026-03-28,50000191,선케어,32.8149,DEMO_SIMULATION
2026-03-29,50000191,선케어,42.5913,DEMO_SIMULATION
2026-03-30,50000191,선케어,44.4165,DEMO_SIMULATION
2026-03-31,50000191,선케어,38.8101,DEMO_SIMULATION
2026-04-01,50000191,선케어,56.72,DEMO_SIMULATION
2026-04-02,50000191,선케어,55.5146,DEMO_SIMULATION
2026-04-03,50000191,선케어,57.3133,DEMO_SIMULATION
2026-04-04,50000191,선케어,57.2461,DEMO_SIMULATION
2026-04-05,50000191,선케어,63.5523,DEMO_SIMULATION
2026-04-06,50000191,선케어,59.5498,DEMO_SIMULATION
2026-04-07,50000191,선케어,58.7064,DEMO_SIMULATION
2026-04-08,50000191,선케어,58.5729,DEMO_SIMULATION
2026-04-09,50000191,선케어,58.0315,DEMO_SIMULATION
2026-04-10,50000191,선케어,56.7273,DEMO_SIMULATION
2026-04-11,50000191,선케어,58.4908,DEMO_SIMULATION
2026-04-12,50000191,선케어,63.6576,DEMO_SIMULATION
2026-04-13,50000191,선케어,57.119,DEMO_SIMULATION
2026-04-14,50000191,선케어,50.1412,DEMO_SIMULATION
2026-04-15,50000191,선케어,56.0393,DEMO_SIMULATION
2026-04-16,50000191,선케어,54.0197,DEMO_SIMULATION
2026-04-17,50000191,선케어,51.1671,DEMO_SIMULATION
2026-04-18,50000191,선케어,57.4136,DEMO_SIMULATION
2026-04-19,50000191,선케어,57.5991,DEMO_SIMULATION
2026-04-20,50000191,선케어,57.2212,DEMO_SIMULATION
2026-04-21,50000191,선케어,58.0704,DEMO_SIMULATION
2026-04-22,50000191,선케어,55.1211,DEMO_SIMULATION
2026-04-23,50000191,선케어,57.0654,DEMO_SIMULATION
2026-04-24,50000191,선케어,55.417,DEMO_SIMULATION
2026-04-25,50000191,선케어,54.2602,DEMO_SIMULATION
2026-04-26,50000191,선케어,60.4464,DEMO_SIMULATION
2026-04-27,50000191,선케어,64.8391,DEMO_SIMULATION
2026-04-28,50000191,선케어,57.6631,DEMO_SIMULATION
2026-04-29,50000191,선케어,56.7613,DEMO_SIMULATION
2026-04-30,50000191,선케어,52.6945,DEMO_SIMULATION
2026-05-01,50000191,선케어,69.3989,DEMO_SIMULATION
2026-05-02,50000191,선케어,66.1305,DEMO_SIMULATION
2026-05-03,50000191,선케어,76.9048,DEMO_SIMULATION
2026-05-04,50000191,선케어,80.3697,DEMO_SIMULATION
2026-05-05,50000191,선케어,66.1243,DEMO_SIMULATION
2026-05-06,50000191,선케어,69.7338,DEMO_SIMULATION
2026-05-07,50000191,선케어,72.0446,DEMO_SIMULATION
2026-05-08,50000191,선케어,71.3156,DEMO_SIMULATION
2026-05-09,50000191,선케어,70.8522,DEMO_SIMULATION
2026-05-10,50000191,선케어,71.7755,DEMO_SIMULATION
2026-05-11,50000191,선케어,72.6997,DEMO_SIMULATION
2026-05-12,50000191,선케어,72.3719,DEMO_SIMULATION
2026-05-13,50000191,선케어,68.1596,DEMO_SIMULATION
2026-05-14,50000191,선케어,70.7797,DEMO_SIMULATION
2026-05-15,50000191,선케어,71.2593,DEMO_SIMULATION
2026-05-16,50000191,선케어,68.655,DEMO_SIMULATION
2026-05-17,50000191,선케어,77.2905,DEMO_SIMULATION
2026-05-18,50000191,선케어,72.4456,DEMO_SIMULATION
2026-05-19,50000191,선케어,73.203,DEMO_SIMULATION
2026-05-20,50000191,선케어,64.7845,DEMO_SIMULATION
2026-05-21,50000191,선케어,71.6198,DEMO_SIMULATION
2026-05-22,50000191,선케어,71.0125,DEMO_SIMULATION
2026-05-23,50000191,선케어,64.5427,DEMO_SIMULATION
2026-05-24,50000191,선케어,74.4526,DEMO_SIMULATION
2026-05-25,50000191,선케어,78.2173,DEMO_SIMULATION
2026-05-26,50000191,선케어,69.329,DEMO_SIMULATION
2026-05-27,50000191,선케어,70.2154,DEMO_SIMULATION
2026-05-28,50000191,선케어,68.2029,DEMO_SIMULATION
2026-05-29,50000191,선케어,66.7658,DEMO_SIMULATION
2026-05-30,50000191,선케어,65.9108,DEMO_SIMULATION
2026-05-31,50000191,선케어,73.1944,DEMO_SIMULATION
2026-06-01,50000191,선케어,99.7506,DEMO_SIMULATION
2026-06-02,50000191,선케어,87.0713,DEMO_SIMULATION
2026-06-03,50000191,선케어,92.8445,DEMO_SIMULATION
2026-06-04,50000191,선케어,92.8561,DEMO_SIMULATION
2026-06-05,50000191,선케어,89.0804,DEMO_SIMULATION
2026-06-06,50000191,선케어,93.0666,DEMO_SIMULATION
2026-06-07,50000191,선케어,100.0,DEMO_SIMULATION
2026-06-08,50000191,선케어,82.7629,DEMO_SIMULATION
2026-06-09,50000191,선케어,76.3009,DEMO_SIMULATION
2026-06-10,50000191,선케어,74.2846,DEMO_SIMULATION
2026-06-11,50000191,선케어,73.3474,DEMO_SIMULATION
2026-06-12,50000191,선케어,76.9558,DEMO_SIMULATION
2026-06-13,50000191,선케어,75.5259,DEMO_SIMULATION
2026-06-14,50000191,선케어,82.3749,DEMO_SIMULATION
2026-06-15,50000191,선케어,84.5841,DEMO_SIMULATION
2026-06-16,50000191,선케어,69.7944,DEMO_SIMULATION
2026-06-17,50000191,선케어,73.3726,DEMO_SIMULATION
2026-06-18,50000191,선케어,76.6291,DEMO_SIMULATION
2026-06-19,50000191,선케어,73.7884,DEMO_SIMULATION
2026-06-20,50000191,선케어,72.6472,DEMO_SIMULATION
2026-06-21,50000191,선케어,76.6473,DEMO_SIMULATION
2026-06-22,50000191,선케어,78.5442,DEMO_SIMULATION
2026-06-23,50000191,선케어,72.0562,DEMO_SIMULATION
2026-06-24,50000191,선케어,75.923,DEMO_SIMULATION
2026-06-25,50000191,선케어,72.9116,DEMO_SIMULATION
2026-06-26,50000191,선케어,76.0237,DEMO_SIMULATION
2026-06-27,50000191,선케어,76.6634,DEMO_SIMULATION
2026-06-28,50000191,선케어,85.0498,DEMO_SIMULATION
2026-06-29,50000191,선케어,85.5068,DEMO_SIMULATION
2026-06-30,50000191,선케어,73.9438,DEMO_SIMULATION
2026-07-01,50000191,선케어,71.314,DEMO_SIMULATION
2026-07-02,50000191,선케어,66.324,DEMO_SIMULATION
2026-07-03,50000191,선케어,67.6202,DEMO_SIMULATION
2026-07-04,50000191,선케어,72.4598,DEMO_SIMULATION
2026-07-05,50000191,선케어,72.8687,DEMO_SIMULATION
2026-07-06,50000191,선케어,76.2019,DEMO_SIMULATION
2026-07-07,50000191,선케어,64.7079,DEMO_SIMULATION
2026-07-08,50000191,선케어,73.0854,DEMO_SIMULATION
2026-07-09,50000191,선케어,65.9152,DEMO_SIMULATION
2026-07-10,50000191,선케어,67.7766,DEMO_SIMULATION
2026-07-11,50000191,선케어,66.1548,DEMO_SIMULATION
2026-07-12,50000191,선케어,72.0827,DEMO_SIMULATION
2026-07-13,50000191,선케어,75.3745,DEMO_SIMULATION
2026-07-14,50000191,선케어,67.0863,DEMO_SIMULATION
2026-07-15,50000191,선케어,72.4468,DEMO_SIMULATION
2026-07-16,50000191,선케어,72.3639,DEMO_SIMULATION
2026-07-17,50000191,선케어,72.0985,DEMO_SIMULATION
2026-07-18,50000191,선케어,71.3839,DEMO_SIMULATION
2026-07-19,50000191,선케어,72.3494,DEMO_SIMULATION
2026-07-20,50000191,선케어,73.9702,DEMO_SIMULATION
2026-07-21,50000191,선케어,72.2966,DEMO_SIMULATION
2026-07-22,50000191,선케어,68.5487,DEMO_SIMULATION
2026-07-23,50000191,선케어,66.0417,DEMO_SIMULATION
2026-07-24,50000191,선케어,67.0747,DEMO_SIMULATION
2026-07-25,50000191,선케어,70.1952,DEMO_SIMULATION
2026-07-26,50000191,선케어,78.5582,DEMO_SIMULATION
2026-07-27,50000191,선케어,74.6505,DEMO_SIMULATION
2026-07-28,50000191,선케어,72.9698,DEMO_SIMULATION
2026-07-29,50000191,선케어,70.4186,DEMO_SIMULATION
2026-07-30,50000191,선케어,68.6072,DEMO_SIMULATION
2026-07-31,50000191,선케어,66.4463,DEMO_SIMULATION
2026-08-01,50000191,선케어,53.3837,DEMO_SIMULATION
2026-08-02,50000191,선케어,60.7081,DEMO_SIMULATION
2026-08-03,50000191,선케어,63.2822,DEMO_SIMULATION
2026-08-04,50000191,선케어,54.7431,DEMO_SIMULATION
2026-08-05,50000191,선케어,50.7866,DEMO_SIMULATION
2026-08-06,50000191,선케어,56.8339,DEMO_SIMULATION
2026-08-07,50000191,선케어,49.7865,DEMO_SIMULATION
2026-08-08,50000191,선케어,56.3633,DEMO_SIMULATION
2026-08-09,50000191,선케어,62.0537,DEMO_SIMULATION
2026-08-10,50000191,선케어,60.0677,DEMO_SIMULATION
2026-08-11,50000191,선케어,56.8058,DEMO_SIMULATION
2026-08-12,50000191,선케어,51.9015,DEMO_SIMULATION
2026-08-13,50000191,선케어,57.5658,DEMO_SIMULATION
2026-08-14,50000191,선케어,56.6194,DEMO_SIMULATION
2026-08-15,50000191,선케어,58.7706,DEMO_SIMULATION
2026-08-16,50000191,선케어,58.5134,DEMO_SIMULATION
2026-08-17,50000191,선케어,64.4344,DEMO_SIMULATION
2026-08-18,50000191,선케어,54.1653,DEMO_SIMULATION
2026-08-19,50000191,선케어,55.0435,DEMO_SIMULATION
2026-08-20,50000191,선케어,51.4425,DEMO_SIMULATION
2026-08-21,50000191,선케어,56.2632,DEMO_SIMULATION
2026-08-22,50000191,선케어,55.3566,DEMO_SIMULATION
2026-08-23,50000191,선케어,58.1412,DEMO_SIMULATION
2026-08-24,50000191,선케어,61.9308,DEMO_SIMULATION
2026-08-25,50000191,선케어,54.4143,DEMO_SIMULATION
2026-08-26,50000191,선케어,51.4861,DEMO_SIMULATION
2026-08-27,50000191,선케어,52.6537,DEMO_SIMULATION
2026-08-28,50000191,선케어,54.5154,DEMO_SIMULATION
2026-08-29,50000191,선케어,52.837,DEMO_SIMULATION
2026-08-30,50000191,선케어,56.7898,DEMO_SIMULATION
2026-08-31,50000191,선케어,60.6099,DEMO_SIMULATION
2026-09-01,50000191,선케어,50.6147,DEMO_SIMULATION
2026-09-02,50000191,선케어,54.8346,DEMO_SIMULATION
2026-09-03,50000191,선케어,51.1296,DEMO_SIMULATION
2026-09-04,50000191,선케어,49.0161,DEMO_SIMULATION
2026-09-05,50000191,선케어,51.9416,DEMO_SIMULATION
2026-09-06,50000191,선케어,58.5028,DEMO_SIMULATION
2026-09-07,50000191,선케어,60.9549,DEMO_SIMULATION
2026-09-08,50000191,선케어,32.7601,DEMO_SIMULATION
2025-09-09,50000190,스킨케어,67.1506,DEMO_SIMULATION
2025-09-10,50000190,스킨케어,66.5312,DEMO_SIMULATION
2025-09-11,50000190,스킨케어,65.8553,DEMO_SIMULATION
2025-09-12,50000190,스킨케어,67.6763,DEMO_SIMULATION
2025-09-13,50000190,스킨케어,67.6707,DEMO_SIMULATION
2025-09-14,50000190,스킨케어,76.3162,DEMO_SIMULATION
2025-09-15,50000190,스킨케어,73.1697,DEMO_SIMULATION
2025-09-16,50000190,스킨케어,64.71,DEMO_SIMULATION
2025-09-17,50000190,스킨케어,67.4391,DEMO_SIMULATION
2025-09-18,50000190,스킨케어,69.8611,DEMO_SIMULATION
2025-09-19,50000190,스킨케어,70.9328,DEMO_SIMULATION
2025-09-20,50000190,스킨케어,65.2503,DEMO_SIMULATION
2025-09-21,50000190,스킨케어,76.7043,DEMO_SIMULATION
2025-09-22,50000190,스킨케어,76.4946,DEMO_SIMULATION
2025-09-23,50000190,스킨케어,69.9032,DEMO_SIMULATION
2025-09-24,50000190,스킨케어,64.5144,DEMO_SIMULATION
2025-09-25,50000190,스킨케어,70.1311,DEMO_SIMULATION
2025-09-26,50000190,스킨케어,65.7229,DEMO_SIMULATION
2025-09-27,50000190,스킨케어,67.4476,DEMO_SIMULATION
2025-09-28,50000190,스킨케어,69.0357,DEMO_SIMULATION
2025-09-29,50000190,스킨케어,71.6892,DEMO_SIMULATION
2025-09-30,50000190,스킨케어,65.2341,DEMO_SIMULATION
2025-10-01,50000190,스킨케어,78.5999,DEMO_SIMULATION
2025-10-02,50000190,스킨케어,79.4358,DEMO_SIMULATION
2025-10-03,50000190,스킨케어,79.117,DEMO_SIMULATION
2025-10-04,50000190,스킨케어,73.1096,DEMO_SIMULATION
2025-10-05,50000190,스킨케어,84.3795,DEMO_SIMULATION
2025-10-06,50000190,스킨케어,81.1613,DEMO_SIMULATION
2025-10-07,50000190,스킨케어,75.7386,DEMO_SIMULATION
2025-10-08,50000190,스킨케어,72.7759,DEMO_SIMULATION
2025-10-09,50000190,스킨케어,79.792,DEMO_SIMULATION
2025-10-10,50000190,스킨케어,72.97,DEMO_SIMULATION
2025-10-11,50000190,스킨케어,78.7477,DEMO_SIMULATION
2025-10-12,50000190,스킨케어,79.7383,DEMO_SIMULATION
2025-10-13,50000190,스킨케어,81.1186,DEMO_SIMULATION
2025-10-14,50000190,스킨케어,76.6351,DEMO_SIMULATION
2025-10-15,50000190,스킨케어,77.8878,DEMO_SIMULATION
2025-10-16,50000190,스킨케어,78.9821,DEMO_SIMULATION
2025-10-17,50000190,스킨케어,79.4144,DEMO_SIMULATION
2025-10-18,50000190,스킨케어,75.8632,DEMO_SIMULATION
2025-10-19,50000190,스킨케어,80.8762,DEMO_SIMULATION
2025-10-20,50000190,스킨케어,83.6192,DEMO_SIMULATION
2025-10-21,50000190,스킨케어,79.8768,DEMO_SIMULATION
2025-10-22,50000190,스킨케어,77.3898,DEMO_SIMULATION
2025-10-23,50000190,스킨케어,76.4691,DEMO_SIMULATION
2025-10-24,50000190,스킨케어,77.3884,DEMO_SIMULATION
2025-10-25,50000190,스킨케어,73.7221,DEMO_SIMULATION
2025-10-26,50000190,스킨케어,78.1399,DEMO_SIMULATION
2025-10-27,50000190,스킨케어,85.1946,DEMO_SIMULATION
2025-10-28,50000190,스킨케어,76.8635,DEMO_SIMULATION
2025-10-29,50000190,스킨케어,73.0815,DEMO_SIMULATION
2025-10-30,50000190,스킨케어,72.7209,DEMO_SIMULATION
2025-10-31,50000190,스킨케어,78.2674,DEMO_SIMULATION
2025-11-01,50000190,스킨케어,79.37,DEMO_SIMULATION
2025-11-02,50000190,스킨케어,88.309,DEMO_SIMULATION
2025-11-03,50000190,스킨케어,87.0697,DEMO_SIMULATION
2025-11-04,50000190,스킨케어,82.3518,DEMO_SIMULATION
2025-11-05,50000190,스킨케어,82.5877,DEMO_SIMULATION
2025-11-06,50000190,스킨케어,77.0803,DEMO_SIMULATION
2025-11-07,50000190,스킨케어,78.5059,DEMO_SIMULATION
2025-11-08,50000190,스킨케어,81.3929,DEMO_SIMULATION
2025-11-09,50000190,스킨케어,83.509,DEMO_SIMULATION
2025-11-10,50000190,스킨케어,83.2535,DEMO_SIMULATION
2025-11-11,50000190,스킨케어,83.0413,DEMO_SIMULATION
2025-11-12,50000190,스킨케어,79.1059,DEMO_SIMULATION
2025-11-13,50000190,스킨케어,81.4311,DEMO_SIMULATION
2025-11-14,50000190,스킨케어,79.5068,DEMO_SIMULATION
2025-11-15,50000190,스킨케어,82.7279,DEMO_SIMULATION
2025-11-16,50000190,스킨케어,84.6157,DEMO_SIMULATION
2025-11-17,50000190,스킨케어,84.0152,DEMO_SIMULATION
2025-11-18,50000190,스킨케어,82.3468,DEMO_SIMULATION
2025-11-19,50000190,스킨케어,79.7023,DEMO_SIMULATION
2025-11-20,50000190,스킨케어,80.02,DEMO_SIMULATION
2025-11-21,50000190,스킨케어,80.2384,DEMO_SIMULATION
2025-11-22,50000190,스킨케어,76.6204,DEMO_SIMULATION
2025-11-23,50000190,스킨케어,82.6861,DEMO_SIMULATION
2025-11-24,50000190,스킨케어,84.6333,DEMO_SIMULATION
2025-11-25,50000190,스킨케어,77.934,DEMO_SIMULATION
2025-11-26,50000190,스킨케어,76.574,DEMO_SIMULATION
2025-11-27,50000190,스킨케어,78.7264,DEMO_SIMULATION
2025-11-28,50000190,스킨케어,81.1077,DEMO_SIMULATION
2025-11-29,50000190,스킨케어,78.802,DEMO_SIMULATION
2025-11-30,50000190,스킨케어,86.3103,DEMO_SIMULATION
2025-12-01,50000190,스킨케어,98.3836,DEMO_SIMULATION
2025-12-02,50000190,스킨케어,90.0087,DEMO_SIMULATION
2025-12-03,50000190,스킨케어,89.7064,DEMO_SIMULATION
2025-12-04,50000190,스킨케어,89.3829,DEMO_SIMULATION
2025-12-05,50000190,스킨케어,87.483,DEMO_SIMULATION
2025-12-06,50000190,스킨케어,90.2791,DEMO_SIMULATION
2025-12-07,50000190,스킨케어,100.0,DEMO_SIMULATION
2025-12-08,50000190,스킨케어,82.364,DEMO_SIMULATION
2025-12-09,50000190,스킨케어,73.6111,DEMO_SIMULATION
2025-12-10,50000190,스킨케어,77.6212,DEMO_SIMULATION
2025-12-11,50000190,스킨케어,79.318,DEMO_SIMULATION
2025-12-12,50000190,스킨케어,73.5271,DEMO_SIMULATION
2025-12-13,50000190,스킨케어,72.5357,DEMO_SIMULATION
2025-12-14,50000190,스킨케어,82.793,DEMO_SIMULATION
2025-12-15,50000190,스킨케어,84.5011,DEMO_SIMULATION
2025-12-16,50000190,스킨케어,77.102,DEMO_SIMULATION
2025-12-17,50000190,스킨케어,77.1784,DEMO_SIMULATION
2025-12-18,50000190,스킨케어,73.474,DEMO_SIMULATION
2025-12-19,50000190,스킨케어,72.3625,DEMO_SIMULATION
2025-12-20,50000190,스킨케어,74.8831,DEMO_SIMULATION
2025-12-21,50000190,스킨케어,82.5065,DEMO_SIMULATION
2025-12-22,50000190,스킨케어,83.422,DEMO_SIMULATION
2025-12-23,50000190,스킨케어,76.9878,DEMO_SIMULATION
2025-12-24,50000190,스킨케어,75.0709,DEMO_SIMULATION
2025-12-25,50000190,스킨케어,77.7877,DEMO_SIMULATION
2025-12-26,50000190,스킨케어,72.2358,DEMO_SIMULATION
2025-12-27,50000190,스킨케어,73.7536,DEMO_SIMULATION
2025-12-28,50000190,스킨케어,78.9675,DEMO_SIMULATION
2025-12-29,50000190,스킨케어,81.6614,DEMO_SIMULATION
2025-12-30,50000190,스킨케어,79.373,DEMO_SIMULATION
2025-12-31,50000190,스킨케어,73.4037,DEMO_SIMULATION
2026-01-01,50000190,스킨케어,64.4461,DEMO_SIMULATION
2026-01-02,50000190,스킨케어,63.458,DEMO_SIMULATION
2026-01-03,50000190,스킨케어,63.3579,DEMO_SIMULATION
2026-01-04,50000190,스킨케어,75.9715,DEMO_SIMULATION
2026-01-05,50000190,스킨케어,71.5773,DEMO_SIMULATION
2026-01-06,50000190,스킨케어,66.5091,DEMO_SIMULATION
2026-01-07,50000190,스킨케어,69.1592,DEMO_SIMULATION
2026-01-08,50000190,스킨케어,68.43,DEMO_SIMULATION
2026-01-09,50000190,스킨케어,65.419,DEMO_SIMULATION
2026-01-10,50000190,스킨케어,64.8615,DEMO_SIMULATION
2026-01-11,50000190,스킨케어,70.4722,DEMO_SIMULATION
2026-01-12,50000190,스킨케어,69.094,DEMO_SIMULATION
2026-01-13,50000190,스킨케어,70.854,DEMO_SIMULATION
2026-01-14,50000190,스킨케어,70.3807,DEMO_SIMULATION
2026-01-15,50000190,스킨케어,63.6115,DEMO_SIMULATION
2026-01-16,50000190,스킨케어,65.1547,DEMO_SIMULATION
2026-01-17,50000190,스킨케어,69.5649,DEMO_SIMULATION
2026-01-18,50000190,스킨케어,70.8002,DEMO_SIMULATION
2026-01-19,50000190,스킨케어,70.5743,DEMO_SIMULATION
2026-01-20,50000190,스킨케어,66.5729,DEMO_SIMULATION
2026-01-21,50000190,스킨케어,66.58,DEMO_SIMULATION
2026-01-22,50000190,스킨케어,70.3626,DEMO_SIMULATION
2026-01-23,50000190,스킨케어,68.1135,DEMO_SIMULATION
2026-01-24,50000190,스킨케어,66.4501,DEMO_SIMULATION
2026-01-25,50000190,스킨케어,74.0059,DEMO_SIMULATION
2026-01-26,50000190,스킨케어,71.6009,DEMO_SIMULATION
2026-01-27,50000190,스킨케어,64.5995,DEMO_SIMULATION
2026-01-28,50000190,스킨케어,65.1381,DEMO_SIMULATION
2026-01-29,50000190,스킨케어,70.1177,DEMO_SIMULATION
2026-01-30,50000190,스킨케어,63.7909,DEMO_SIMULATION
2026-01-31,50000190,스킨케어,68.7353,DEMO_SIMULATION
2026-02-01,50000190,스킨케어,58.9254,DEMO_SIMULATION
2026-02-02,50000190,스킨케어,59.2609,DEMO_SIMULATION
2026-02-03,50000190,스킨케어,56.2864,DEMO_SIMULATION
2026-02-04,50000190,스킨케어,56.5463,DEMO_SIMULATION
2026-02-05,50000190,스킨케어,54.219,DEMO_SIMULATION
2026-02-06,50000190,스킨케어,54.4004,DEMO_SIMULATION
2026-02-07,50000190,스킨케어,56.7045,DEMO_SIMULATION
2026-02-08,50000190,스킨케어,59.6159,DEMO_SIMULATION
2026-02-09,50000190,스킨케어,62.8062,DEMO_SIMULATION
2026-02-10,50000190,스킨케어,56.393,DEMO_SIMULATION
2026-02-11,50000190,스킨케어,55.6678,DEMO_SIMULATION
2026-02-12,50000190,스킨케어,56.658,DEMO_SIMULATION
2026-02-13,50000190,스킨케어,54.4009,DEMO_SIMULATION
2026-02-14,50000190,스킨케어,51.0278,DEMO_SIMULATION
2026-02-15,50000190,스킨케어,61.2817,DEMO_SIMULATION
2026-02-16,50000190,스킨케어,58.3917,DEMO_SIMULATION
2026-02-17,50000190,스킨케어,58.2967,DEMO_SIMULATION
2026-02-18,50000190,스킨케어,53.7199,DEMO_SIMULATION
2026-02-19,50000190,스킨케어,51.8696,DEMO_SIMULATION
2026-02-20,50000190,스킨케어,58.4843,DEMO_SIMULATION
2026-02-21,50000190,스킨케어,53.9767,DEMO_SIMULATION
2026-02-22,50000190,스킨케어,63.6828,DEMO_SIMULATION
2026-02-23,50000190,스킨케어,61.3686,DEMO_SIMULATION
2026-02-24,50000190,스킨케어,54.387,DEMO_SIMULATION
2026-02-25,50000190,스킨케어,57.1485,DEMO_SIMULATION
2026-02-26,50000190,스킨케어,51.9894,DEMO_SIMULATION
2026-02-27,50000190,스킨케어,57.1019,DEMO_SIMULATION
2026-02-28,50000190,스킨케어,53.515,DEMO_SIMULATION
2026-03-01,50000190,스킨케어,66.4249,DEMO_SIMULATION
2026-03-02,50000190,스킨케어,64.6088,DEMO_SIMULATION
2026-03-03,50000190,스킨케어,56.0937,DEMO_SIMULATION
2026-03-04,50000190,스킨케어,57.0748,DEMO_SIMULATION
2026-03-05,50000190,스킨케어,54.1978,DEMO_SIMULATION
2026-03-06,50000190,스킨케어,53.4308,DEMO_SIMULATION
2026-03-07,50000190,스킨케어,59.3884,DEMO_SIMULATION
2026-03-08,50000190,스킨케어,46.4976,DEMO_SIMULATION
2026-03-09,50000190,스킨케어,50.4372,DEMO_SIMULATION
2026-03-10,50000190,스킨케어,39.246,DEMO_SIMULATION
2026-03-11,50000190,스킨케어,41.0616,DEMO_SIMULATION
2026-03-12,50000190,스킨케어,40.0231,DEMO_SIMULATION
2026-03-13,50000190,스킨케어,39.7286,DEMO_SIMULATION
2026-03-14,50000190,스킨케어,38.8256,DEMO_SIMULATION
2026-03-15,50000190,스킨케어,50.7667,DEMO_SIMULATION
2026-03-16,50000190,스킨케어,49.0944,DEMO_SIMULATION
2026-03-17,50000190,스킨케어,40.464,DEMO_SIMULATION
2026-03-18,50000190,스킨케어,38.4091,DEMO_SIMULATION
2026-03-19,50000190,스킨케어,44.5372,DEMO_SIMULATION
2026-03-20,50000190,스킨케어,46.0419,DEMO_SIMULATION
2026-03-21,50000190,스킨케어,42.4388,DEMO_SIMULATION
2026-03-22,50000190,스킨케어,49.7045,DEMO_SIMULATION
2026-03-23,50000190,스킨케어,46.7211,DEMO_SIMULATION
2026-03-24,50000190,스킨케어,40.7914,DEMO_SIMULATION
2026-03-25,50000190,스킨케어,44.9169,DEMO_SIMULATION
2026-03-26,50000190,스킨케어,42.6093,DEMO_SIMULATION
2026-03-27,50000190,스킨케어,38.6483,DEMO_SIMULATION
2026-03-28,50000190,스킨케어,44.0449,DEMO_SIMULATION
2026-03-29,50000190,스킨케어,46.2635,DEMO_SIMULATION
2026-03-30,50000190,스킨케어,44.8256,DEMO_SIMULATION
2026-03-31,50000190,스킨케어,40.9434,DEMO_SIMULATION
2026-04-01,50000190,스킨케어,30.608,DEMO_SIMULATION
2026-04-02,50000190,스킨케어,36.1595,DEMO_SIMULATION
2026-04-03,50000190,스킨케어,29.5797,DEMO_SIMULATION
2026-04-04,50000190,스킨케어,29.8817,DEMO_SIMULATION
2026-04-05,50000190,스킨케어,36.5145,DEMO_SIMULATION
2026-04-06,50000190,스킨케어,38.3924,DEMO_SIMULATION
2026-04-07,50000190,스킨케어,32.2551,DEMO_SIMULATION
2026-04-08,50000190,스킨케어,32.6534,DEMO_SIMULATION
2026-04-09,50000190,스킨케어,33.0604,DEMO_SIMULATION
2026-04-10,50000190,스킨케어,29.5106,DEMO_SIMULATION
2026-04-11,50000190,스킨케어,33.8193,DEMO_SIMULATION
2026-04-12,50000190,스킨케어,42.3627,DEMO_SIMULATION
2026-04-13,50000190,스킨케어,37.5355,DEMO_SIMULATION
2026-04-14,50000190,스킨케어,32.1609,DEMO_SIMULATION
2026-04-15,50000190,스킨케어,33.3161,DEMO_SIMULATION
2026-04-16,50000190,스킨케어,35.3078,DEMO_SIMULATION
2026-04-17,50000190,스킨케어,33.6733,DEMO_SIMULATION
2026-04-18,50000190,스킨케어,35.3313,DEMO_SIMULATION
2026-04-19,50000190,스킨케어,37.6734,DEMO_SIMULATION
2026-04-20,50000190,스킨케어,41.697,DEMO_SIMULATION
2026-04-21,50000190,스킨케어,36.8964,DEMO_SIMULATION
2026-04-22,50000190,스킨케어,35.0371,DEMO_SIMULATION
2026-04-23,50000190,스킨케어,35.0374,DEMO_SIMULATION
2026-04-24,50000190,스킨케어,31.364,DEMO_SIMULATION
2026-04-25,50000190,스킨케어,29.5941,DEMO_SIMULATION
2026-04-26,50000190,스킨케어,38.6279,DEMO_SIMULATION
2026-04-27,50000190,스킨케어,39.5442,DEMO_SIMULATION
2026-04-28,50000190,스킨케어,35.8875,DEMO_SIMULATION
2026-04-29,50000190,스킨케어,32.7932,DEMO_SIMULATION
2026-04-30,50000190,스킨케어,29.2466,DEMO_SIMULATION
2026-05-01,50000190,스킨케어,30.7794,DEMO_SIMULATION
2026-05-02,50000190,스킨케어,32.7022,DEMO_SIMULATION
2026-05-03,50000190,스킨케어,34.3181,DEMO_SIMULATION
2026-05-04,50000190,스킨케어,38.7914,DEMO_SIMULATION
2026-05-05,50000190,스킨케어,31.5318,DEMO_SIMULATION
2026-05-06,50000190,스킨케어,28.655,DEMO_SIMULATION
2026-05-07,50000190,스킨케어,33.1964,DEMO_SIMULATION
2026-05-08,50000190,스킨케어,26.915,DEMO_SIMULATION
2026-05-09,50000190,스킨케어,31.5375,DEMO_SIMULATION
2026-05-10,50000190,스킨케어,36.0005,DEMO_SIMULATION
2026-05-11,50000190,스킨케어,37.2618,DEMO_SIMULATION
2026-05-12,50000190,스킨케어,27.5148,DEMO_SIMULATION
2026-05-13,50000190,스킨케어,32.2611,DEMO_SIMULATION
2026-05-14,50000190,스킨케어,29.7026,DEMO_SIMULATION
2026-05-15,50000190,스킨케어,28.6406,DEMO_SIMULATION
2026-05-16,50000190,스킨케어,28.4605,DEMO_SIMULATION
2026-05-17,50000190,스킨케어,35.2614,DEMO_SIMULATION
2026-05-18,50000190,스킨케어,37.9507,DEMO_SIMULATION
2026-05-19,50000190,스킨케어,32.5277,DEMO_SIMULATION
2026-05-20,50000190,스킨케어,28.8442,DEMO_SIMULATION
2026-05-21,50000190,스킨케어,33.3265,DEMO_SIMULATION
2026-05-22,50000190,스킨케어,28.2824,DEMO_SIMULATION
2026-05-23,50000190,스킨케어,27.7789,DEMO_SIMULATION
2026-05-24,50000190,스킨케어,32.3375,DEMO_SIMULATION
2026-05-25,50000190,스킨케어,39.5112,DEMO_SIMULATION
2026-05-26,50000190,스킨케어,29.355,DEMO_SIMULATION
2026-05-27,50000190,스킨케어,29.1266,DEMO_SIMULATION
2026-05-28,50000190,스킨케어,27.9381,DEMO_SIMULATION
2026-05-29,50000190,스킨케어,33.1658,DEMO_SIMULATION
2026-05-30,50000190,스킨케어,26.6657,DEMO_SIMULATION
2026-05-31,50000190,스킨케어,38.4811,DEMO_SIMULATION
2026-06-01,50000190,스킨케어,57.3462,DEMO_SIMULATION
2026-06-02,50000190,스킨케어,44.5333,DEMO_SIMULATION
2026-06-03,50000190,스킨케어,51.5822,DEMO_SIMULATION
2026-06-04,50000190,스킨케어,49.2152,DEMO_SIMULATION
2026-06-05,50000190,스킨케어,46.4358,DEMO_SIMULATION
2026-06-06,50000190,스킨케어,46.9361,DEMO_SIMULATION
2026-06-07,50000190,스킨케어,50.591,DEMO_SIMULATION
2026-06-08,50000190,스킨케어,42.8323,DEMO_SIMULATION
2026-06-09,50000190,스킨케어,32.6759,DEMO_SIMULATION
2026-06-10,50000190,스킨케어,30.6886,DEMO_SIMULATION
2026-06-11,50000190,스킨케어,29.8044,DEMO_SIMULATION
2026-06-12,50000190,스킨케어,34.5459,DEMO_SIMULATION
2026-06-13,50000190,스킨케어,29.8079,DEMO_SIMULATION
2026-06-14,50000190,스킨케어,42.8993,DEMO_SIMULATION
2026-06-15,50000190,스킨케어,35.6899,DEMO_SIMULATION
2026-06-16,50000190,스킨케어,36.5763,DEMO_SIMULATION
2026-06-17,50000190,스킨케어,31.3508,DEMO_SIMULATION
2026-06-18,50000190,스킨케어,32.98,DEMO_SIMULATION
2026-06-19,50000190,스킨케어,36.8386,DEMO_SIMULATION
2026-06-20,50000190,스킨케어,31.6491,DEMO_SIMULATION
2026-06-21,50000190,스킨케어,40.0251,DEMO_SIMULATION
2026-06-22,50000190,스킨케어,38.6941,DEMO_SIMULATION
2026-06-23,50000190,스킨케어,33.5578,DEMO_SIMULATION
2026-06-24,50000190,스킨케어,30.5844,DEMO_SIMULATION
2026-06-25,50000190,스킨케어,36.7423,DEMO_SIMULATION
2026-06-26,50000190,스킨케어,31.1036,DEMO_SIMULATION
2026-06-27,50000190,스킨케어,30.8894,DEMO_SIMULATION
2026-06-28,50000190,스킨케어,38.9208,DEMO_SIMULATION
2026-06-29,50000190,스킨케어,36.0914,DEMO_SIMULATION
2026-06-30,50000190,스킨케어,33.9874,DEMO_SIMULATION
2026-07-01,50000190,스킨케어,42.7068,DEMO_SIMULATION
2026-07-02,50000190,스킨케어,38.67,DEMO_SIMULATION
2026-07-03,50000190,스킨케어,42.1918,DEMO_SIMULATION
2026-07-04,50000190,스킨케어,41.6396,DEMO_SIMULATION
2026-07-05,50000190,스킨케어,50.4952,DEMO_SIMULATION
2026-07-06,50000190,스킨케어,44.9221,DEMO_SIMULATION
2026-07-07,50000190,스킨케어,38.3327,DEMO_SIMULATION
2026-07-08,50000190,스킨케어,39.3684,DEMO_SIMULATION
2026-07-09,50000190,스킨케어,45.7188,DEMO_SIMULATION
2026-07-10,50000190,스킨케어,38.4476,DEMO_SIMULATION
2026-07-11,50000190,스킨케어,45.1368,DEMO_SIMULATION
2026-07-12,50000190,스킨케어,44.1808,DEMO_SIMULATION
2026-07-13,50000190,스킨케어,50.9305,DEMO_SIMULATION
2026-07-14,50000190,스킨케어,39.5246,DEMO_SIMULATION
2026-07-15,50000190,스킨케어,40.1458,DEMO_SIMULATION
2026-07-16,50000190,스킨케어,38.4746,DEMO_SIMULATION
2026-07-17,50000190,스킨케어,44.1632,DEMO_SIMULATION
2026-07-18,50000190,스킨케어,45.0916,DEMO_SIMULATION
2026-07-19,50000190,스킨케어,50.7577,DEMO_SIMULATION
2026-07-20,50000190,스킨케어,46.065,DEMO_SIMULATION
2026-07-21,50000190,스킨케어,44.7945,DEMO_SIMULATION
2026-07-22,50000190,스킨케어,39.1718,DEMO_SIMULATION
2026-07-23,50000190,스킨케어,39.6394,DEMO_SIMULATION
2026-07-24,50000190,스킨케어,39.9814,DEMO_SIMULATION
2026-07-25,50000190,스킨케어,40.3693,DEMO_SIMULATION
2026-07-26,50000190,스킨케어,46.8314,DEMO_SIMULATION
2026-07-27,50000190,스킨케어,46.0559,DEMO_SIMULATION
2026-07-28,50000190,스킨케어,38.6817,DEMO_SIMULATION
2026-07-29,50000190,스킨케어,43.1636,DEMO_SIMULATION
2026-07-30,50000190,스킨케어,42.6888,DEMO_SIMULATION
2026-07-31,50000190,스킨케어,40.8116,DEMO_SIMULATION
2026-08-01,50000190,스킨케어,51.6388,DEMO_SIMULATION
2026-08-02,50000190,스킨케어,64.4629,DEMO_SIMULATION
2026-08-03,50000190,스킨케어,60.2651,DEMO_SIMULATION
2026-08-04,50000190,스킨케어,56.4165,DEMO_SIMULATION
2026-08-05,50000190,스킨케어,58.1865,DEMO_SIMULATION
2026-08-06,50000190,스킨케어,55.9901,DEMO_SIMULATION
2026-08-07,50000190,스킨케어,56.9284,DEMO_SIMULATION
2026-08-08,50000190,스킨케어,54.9189,DEMO_SIMULATION
2026-08-09,50000190,스킨케어,62.29,DEMO_SIMULATION
2026-08-10,50000190,스킨케어,62.099,DEMO_SIMULATION
2026-08-11,50000190,스킨케어,55.2369,DEMO_SIMULATION
2026-08-12,50000190,스킨케어,52.809,DEMO_SIMULATION
2026-08-13,50000190,스킨케어,53.1544,DEMO_SIMULATION
2026-08-14,50000190,스킨케어,57.5748,DEMO_SIMULATION
2026-08-15,50000190,스킨케어,53.2125,DEMO_SIMULATION
2026-08-16,50000190,스킨케어,56.6185,DEMO_SIMULATION
2026-08-17,50000190,스킨케어,61.5526,DEMO_SIMULATION
2026-08-18,50000190,스킨케어,55.4471,DEMO_SIMULATION
2026-08-19,50000190,스킨케어,56.2422,DEMO_SIMULATION
2026-08-20,50000190,스킨케어,52.5675,DEMO_SIMULATION
2026-08-21,50000190,스킨케어,55.5283,DEMO_SIMULATION
2026-08-22,50000190,스킨케어,50.6342,DEMO_SIMULATION
2026-08-23,50000190,스킨케어,58.7059,DEMO_SIMULATION
2026-08-24,50000190,스킨케어,63.4175,DEMO_SIMULATION
2026-08-25,50000190,스킨케어,55.5982,DEMO_SIMULATION
2026-08-26,50000190,스킨케어,51.0546,DEMO_SIMULATION
2026-08-27,50000190,스킨케어,54.0147,DEMO_SIMULATION
2026-08-28,50000190,스킨케어,53.3532,DEMO_SIMULATION
2026-08-29,50000190,스킨케어,54.1609,DEMO_SIMULATION
2026-08-30,50000190,스킨케어,58.8138,DEMO_SIMULATION
2026-08-31,50000190,스킨케어,62.1676,DEMO_SIMULATION
2026-09-01,50000190,스킨케어,82.1436,DEMO_SIMULATION
2026-09-02,50000190,스킨케어,84.3509,DEMO_SIMULATION
2026-09-03,50000190,스킨케어,83.8328,DEMO_SIMULATION
2026-09-04,50000190,스킨케어,83.0795,DEMO_SIMULATION
2026-09-05,50000190,스킨케어,84.4455,DEMO_SIMULATION
2026-09-06,50000190,스킨케어,91.4911,DEMO_SIMULATION
2026-09-07,50000190,스킨케어,87.3468,DEMO_SIMULATION
2026-09-08,50000190,스킨케어,65.6691,DEMO_SIMULATION
2025-09-09,50000192,클렌징,65.9313,DEMO_SIMULATION
2025-09-10,50000192,클렌징,66.8842,DEMO_SIMULATION
2025-09-11,50000192,클렌징,66.3323,DEMO_SIMULATION
2025-09-12,50000192,클렌징,62.9962,DEMO_SIMULATION
2025-09-13,50000192,클렌징,69.0416,DEMO_SIMULATION
2025-09-14,50000192,클렌징,75.5622,DEMO_SIMULATION
2025-09-15,50000192,클렌징,69.6333,DEMO_SIMULATION
2025-09-16,50000192,클렌징,68.9777,DEMO_SIMULATION
2025-09-17,50000192,클렌징,65.9462,DEMO_SIMULATION
2025-09-18,50000192,클렌징,64.5906,DEMO_SIMULATION
2025-09-19,50000192,클렌징,67.6938,DEMO_SIMULATION
2025-09-20,50000192,클렌징,66.67,DEMO_SIMULATION
2025-09-21,50000192,클렌징,68.2132,DEMO_SIMULATION
2025-09-22,50000192,클렌징,73.6347,DEMO_SIMULATION
2025-09-23,50000192,클렌징,68.9979,DEMO_SIMULATION
2025-09-24,50000192,클렌징,60.9532,DEMO_SIMULATION
2025-09-25,50000192,클렌징,61.1391,DEMO_SIMULATION
2025-09-26,50000192,클렌징,66.3367,DEMO_SIMULATION
2025-09-27,50000192,클렌징,66.364,DEMO_SIMULATION
2025-09-28,50000192,클렌징,71.114,DEMO_SIMULATION
2025-09-29,50000192,클렌징,69.99,DEMO_SIMULATION
2025-09-30,50000192,클렌징,66.8402,DEMO_SIMULATION
2025-10-01,50000192,클렌징,49.6872,DEMO_SIMULATION
2025-10-02,50000192,클렌징,54.4644,DEMO_SIMULATION
2025-10-03,50000192,클렌징,51.0193,DEMO_SIMULATION
2025-10-04,50000192,클렌징,49.0223,DEMO_SIMULATION
2025-10-05,50000192,클렌징,61.3046,DEMO_SIMULATION
2025-10-06,50000192,클렌징,64.7091,DEMO_SIMULATION
2025-10-07,50000192,클렌징,50.5024,DEMO_SIMULATION
2025-10-08,50000192,클렌징,49.5594,DEMO_SIMULATION
2025-10-09,50000192,클렌징,50.2563,DEMO_SIMULATION
2025-10-10,50000192,클렌징,49.4482,DEMO_SIMULATION
2025-10-11,50000192,클렌징,51.6555,DEMO_SIMULATION
2025-10-12,50000192,클렌징,62.8931,DEMO_SIMULATION
2025-10-13,50000192,클렌징,62.6833,DEMO_SIMULATION
2025-10-14,50000192,클렌징,57.849,DEMO_SIMULATION
2025-10-15,50000192,클렌징,56.492,DEMO_SIMULATION
2025-10-16,50000192,클렌징,49.1569,DEMO_SIMULATION
2025-10-17,50000192,클렌징,49.2361,DEMO_SIMULATION
2025-10-18,50000192,클렌징,58.3407,DEMO_SIMULATION
2025-10-19,50000192,클렌징,56.6646,DEMO_SIMULATION
2025-10-20,50000192,클렌징,60.4544,DEMO_SIMULATION
2025-10-21,50000192,클렌징,58.1333,DEMO_SIMULATION
2025-10-22,50000192,클렌징,53.3192,DEMO_SIMULATION
2025-10-23,50000192,클렌징,50.2728,DEMO_SIMULATION
2025-10-24,50000192,클렌징,49.1927,DEMO_SIMULATION
2025-10-25,50000192,클렌징,54.7162,DEMO_SIMULATION
2025-10-26,50000192,클렌징,57.8305,DEMO_SIMULATION
2025-10-27,50000192,클렌징,63.3399,DEMO_SIMULATION
2025-10-28,50000192,클렌징,53.0683,DEMO_SIMULATION
2025-10-29,50000192,클렌징,51.3414,DEMO_SIMULATION
2025-10-30,50000192,클렌징,57.4906,DEMO_SIMULATION
2025-10-31,50000192,클렌징,52.9174,DEMO_SIMULATION
2025-11-01,50000192,클렌징,45.1879,DEMO_SIMULATION
2025-11-02,50000192,클렌징,52.3776,DEMO_SIMULATION
2025-11-03,50000192,클렌징,54.3244,DEMO_SIMULATION
2025-11-04,50000192,클렌징,39.6846,DEMO_SIMULATION
2025-11-05,50000192,클렌징,38.9667,DEMO_SIMULATION
2025-11-06,50000192,클렌징,43.1926,DEMO_SIMULATION
2025-11-07,50000192,클렌징,44.9274,DEMO_SIMULATION
2025-11-08,50000192,클렌징,42.0785,DEMO_SIMULATION
2025-11-09,50000192,클렌징,54.0844,DEMO_SIMULATION
2025-11-10,50000192,클렌징,46.4724,DEMO_SIMULATION
2025-11-11,50000192,클렌징,45.8288,DEMO_SIMULATION
2025-11-12,50000192,클렌징,42.9359,DEMO_SIMULATION
2025-11-13,50000192,클렌징,39.3962,DEMO_SIMULATION
2025-11-14,50000192,클렌징,43.2628,DEMO_SIMULATION
2025-11-15,50000192,클렌징,47.5657,DEMO_SIMULATION
2025-11-16,50000192,클렌징,54.0025,DEMO_SIMULATION
2025-11-17,50000192,클렌징,49.4693,DEMO_SIMULATION
2025-11-18,50000192,클렌징,40.5348,DEMO_SIMULATION
2025-11-19,50000192,클렌징,42.8595,DEMO_SIMULATION
2025-11-20,50000192,클렌징,42.6922,DEMO_SIMULATION
2025-11-21,50000192,클렌징,38.7413,DEMO_SIMULATION
2025-11-22,50000192,클렌징,41.9546,DEMO_SIMULATION
2025-11-23,50000192,클렌징,45.6165,DEMO_SIMULATION
2025-11-24,50000192,클렌징,48.4549,DEMO_SIMULATION
2025-11-25,50000192,클렌징,39.0986,DEMO_SIMULATION
2025-11-26,50000192,클렌징,42.7129,DEMO_SIMULATION
2025-11-27,50000192,클렌징,41.5929,DEMO_SIMULATION
2025-11-28,50000192,클렌징,38.4812,DEMO_SIMULATION
2025-11-29,50000192,클렌징,45.2268,DEMO_SIMULATION
2025-11-30,50000192,클렌징,48.0116,DEMO_SIMULATION
2025-12-01,50000192,클렌징,61.4172,DEMO_SIMULATION
2025-12-02,50000192,클렌징,50.0065,DEMO_SIMULATION
2025-12-03,50000192,클렌징,56.5372,DEMO_SIMULATION
2025-12-04,50000192,클렌징,54.3663,DEMO_SIMULATION
2025-12-05,50000192,클렌징,55.2326,DEMO_SIMULATION
2025-12-06,50000192,클렌징,51.3312,DEMO_SIMULATION
2025-12-07,50000192,클렌징,57.9559,DEMO_SIMULATION
2025-12-08,50000192,클렌징,42.5795,DEMO_SIMULATION
2025-12-09,50000192,클렌징,38.8678,DEMO_SIMULATION
2025-12-10,50000192,클렌징,32.4939,DEMO_SIMULATION
2025-12-11,50000192,클렌징,30.7019,DEMO_SIMULATION
2025-12-12,50000192,클렌징,32.6561,DEMO_SIMULATION
2025-12-13,50000192,클렌징,38.4125,DEMO_SIMULATION
2025-12-14,50000192,클렌징,45.2542,DEMO_SIMULATION
2025-12-15,50000192,클렌징,44.9975,DEMO_SIMULATION
2025-12-16,50000192,클렌징,34.8766,DEMO_SIMULATION
2025-12-17,50000192,클렌징,33.0996,DEMO_SIMULATION
2025-12-18,50000192,클렌징,38.1558,DEMO_SIMULATION
2025-12-19,50000192,클렌징,37.4931,DEMO_SIMULATION
2025-12-20,50000192,클렌징,31.1744,DEMO_SIMULATION
2025-12-21,50000192,클렌징,42.9487,DEMO_SIMULATION
2025-12-22,50000192,클렌징,38.9757,DEMO_SIMULATION
2025-12-23,50000192,클렌징,39.3137,DEMO_SIMULATION
2025-12-24,50000192,클렌징,38.7341,DEMO_SIMULATION
2025-12-25,50000192,클렌징,30.3428,DEMO_SIMULATION
2025-12-26,50000192,클렌징,34.8041,DEMO_SIMULATION
2025-12-27,50000192,클렌징,34.0471,DEMO_SIMULATION
2025-12-28,50000192,클렌징,42.0209,DEMO_SIMULATION
2025-12-29,50000192,클렌징,46.4676,DEMO_SIMULATION
2025-12-30,50000192,클렌징,38.4809,DEMO_SIMULATION
2025-12-31,50000192,클렌징,31.2238,DEMO_SIMULATION
2026-01-01,50000192,클렌징,31.0335,DEMO_SIMULATION
2026-01-02,50000192,클렌징,36.6894,DEMO_SIMULATION
2026-01-03,50000192,클렌징,31.5258,DEMO_SIMULATION
2026-01-04,50000192,클렌징,39.9315,DEMO_SIMULATION
2026-01-05,50000192,클렌징,36.8706,DEMO_SIMULATION
2026-01-06,50000192,클렌징,28.8394,DEMO_SIMULATION
2026-01-07,50000192,클렌징,35.125,DEMO_SIMULATION
2026-01-08,50000192,클렌징,33.2533,DEMO_SIMULATION
2026-01-09,50000192,클렌징,30.8363,DEMO_SIMULATION
2026-01-10,50000192,클렌징,30.2292,DEMO_SIMULATION
2026-01-11,50000192,클렌징,43.9551,DEMO_SIMULATION
2026-01-12,50000192,클렌징,38.2932,DEMO_SIMULATION
2026-01-13,50000192,클렌징,27.3931,DEMO_SIMULATION
2026-01-14,50000192,클렌징,34.5882,DEMO_SIMULATION
2026-01-15,50000192,클렌징,30.211,DEMO_SIMULATION
2026-01-16,50000192,클렌징,32.1207,DEMO_SIMULATION
2026-01-17,50000192,클렌징,27.8297,DEMO_SIMULATION
2026-01-18,50000192,클렌징,36.2866,DEMO_SIMULATION
2026-01-19,50000192,클렌징,34.6103,DEMO_SIMULATION
2026-01-20,50000192,클렌징,30.6169,DEMO_SIMULATION
2026-01-21,50000192,클렌징,32.0104,DEMO_SIMULATION
2026-01-22,50000192,클렌징,30.7567,DEMO_SIMULATION
2026-01-23,50000192,클렌징,32.6574,DEMO_SIMULATION
2026-01-24,50000192,클렌징,30.1647,DEMO_SIMULATION
2026-01-25,50000192,클렌징,34.7219,DEMO_SIMULATION
2026-01-26,50000192,클렌징,40.0278,DEMO_SIMULATION
2026-01-27,50000192,클렌징,27.7685,DEMO_SIMULATION
2026-01-28,50000192,클렌징,31.998,DEMO_SIMULATION
2026-01-29,50000192,클렌징,28.3769,DEMO_SIMULATION
2026-01-30,50000192,클렌징,30.8576,DEMO_SIMULATION
2026-01-31,50000192,클렌징,27.4806,DEMO_SIMULATION
2026-02-01,50000192,클렌징,42.0781,DEMO_SIMULATION
2026-02-02,50000192,클렌징,42.3075,DEMO_SIMULATION
2026-02-03,50000192,클렌징,31.7197,DEMO_SIMULATION
2026-02-04,50000192,클렌징,37.7203,DEMO_SIMULATION
2026-02-05,50000192,클렌징,33.1418,DEMO_SIMULATION
2026-02-06,50000192,클렌징,38.785,DEMO_SIMULATION
2026-02-07,50000192,클렌징,33.9645,DEMO_SIMULATION
2026-02-08,50000192,클렌징,45.2961,DEMO_SIMULATION
2026-02-09,50000192,클렌징,37.6942,DEMO_SIMULATION
2026-02-10,50000192,클렌징,38.0082,DEMO_SIMULATION
2026-02-11,50000192,클렌징,36.9063,DEMO_SIMULATION
2026-02-12,50000192,클렌징,39.0245,DEMO_SIMULATION
2026-02-13,50000192,클렌징,33.4175,DEMO_SIMULATION
2026-02-14,50000192,클렌징,35.7096,DEMO_SIMULATION
2026-02-15,50000192,클렌징,46.8058,DEMO_SIMULATION
2026-02-16,50000192,클렌징,45.4585,DEMO_SIMULATION
2026-02-17,50000192,클렌징,39.5595,DEMO_SIMULATION
2026-02-18,50000192,클렌징,39.0918,DEMO_SIMULATION
2026-02-19,50000192,클렌징,35.3376,DEMO_SIMULATION
2026-02-20,50000192,클렌징,36.3344,DEMO_SIMULATION
2026-02-21,50000192,클렌징,32.4568,DEMO_SIMULATION
2026-02-22,50000192,클렌징,43.9802,DEMO_SIMULATION
2026-02-23,50000192,클렌징,46.5958,DEMO_SIMULATION
2026-02-24,50000192,클렌징,33.4891,DEMO_SIMULATION
2026-02-25,50000192,클렌징,34.9271,DEMO_SIMULATION
2026-02-26,50000192,클렌징,39.4046,DEMO_SIMULATION
2026-02-27,50000192,클렌징,35.3385,DEMO_SIMULATION
2026-02-28,50000192,클렌징,34.3876,DEMO_SIMULATION
2026-03-01,50000192,클렌징,71.9266,DEMO_SIMULATION
2026-03-02,50000192,클렌징,70.7498,DEMO_SIMULATION
2026-03-03,50000192,클렌징,61.8295,DEMO_SIMULATION
2026-03-04,50000192,클렌징,59.6129,DEMO_SIMULATION
2026-03-05,50000192,클렌징,58.9763,DEMO_SIMULATION
2026-03-06,50000192,클렌징,60.1436,DEMO_SIMULATION
2026-03-07,50000192,클렌징,63.642,DEMO_SIMULATION
2026-03-08,50000192,클렌징,46.6065,DEMO_SIMULATION
2026-03-09,50000192,클렌징,49.3851,DEMO_SIMULATION
2026-03-10,50000192,클렌징,41.1109,DEMO_SIMULATION
2026-03-11,50000192,클렌징,40.1461,DEMO_SIMULATION
2026-03-12,50000192,클렌징,38.2269,DEMO_SIMULATION
2026-03-13,50000192,클렌징,38.2533,DEMO_SIMULATION
2026-03-14,50000192,클렌징,40.6057,DEMO_SIMULATION
2026-03-15,50000192,클렌징,54.4915,DEMO_SIMULATION
2026-03-16,50000192,클렌징,54.0914,DEMO_SIMULATION
2026-03-17,50000192,클렌징,42.5939,DEMO_SIMULATION
2026-03-18,50000192,클렌징,44.2649,DEMO_SIMULATION
2026-03-19,50000192,클렌징,43.7137,DEMO_SIMULATION
2026-03-20,50000192,클렌징,40.4965,DEMO_SIMULATION
2026-03-21,50000192,클렌징,45.2852,DEMO_SIMULATION
2026-03-22,50000192,클렌징,48.715,DEMO_SIMULATION
2026-03-23,50000192,클렌징,51.215,DEMO_SIMULATION
2026-03-24,50000192,클렌징,41.3331,DEMO_SIMULATION
2026-03-25,50000192,클렌징,47.3265,DEMO_SIMULATION
2026-03-26,50000192,클렌징,40.0435,DEMO_SIMULATION
2026-03-27,50000192,클렌징,43.5864,DEMO_SIMULATION
2026-03-28,50000192,클렌징,40.3643,DEMO_SIMULATION
2026-03-29,50000192,클렌징,50.7683,DEMO_SIMULATION
2026-03-30,50000192,클렌징,54.1912,DEMO_SIMULATION
2026-03-31,50000192,클렌징,41.1344,DEMO_SIMULATION
2026-04-01,50000192,클렌징,53.7611,DEMO_SIMULATION
2026-04-02,50000192,클렌징,49.6533,DEMO_SIMULATION
2026-04-03,50000192,클렌징,51.5482,DEMO_SIMULATION
2026-04-04,50000192,클렌징,54.7635,DEMO_SIMULATION
2026-04-05,50000192,클렌징,56.9692,DEMO_SIMULATION
2026-04-06,50000192,클렌징,60.9896,DEMO_SIMULATION
2026-04-07,50000192,클렌징,55.2533,DEMO_SIMULATION
2026-04-08,50000192,클렌징,51.8573,DEMO_SIMULATION
2026-04-09,50000192,클렌징,49.1111,DEMO_SIMULATION
2026-04-10,50000192,클렌징,58.1112,DEMO_SIMULATION
2026-04-11,50000192,클렌징,49.3532,DEMO_SIMULATION
2026-04-12,50000192,클렌징,61.0174,DEMO_SIMULATION
2026-04-13,50000192,클렌징,62.9087,DEMO_SIMULATION
2026-04-14,50000192,클렌징,54.922,DEMO_SIMULATION
2026-04-15,50000192,클렌징,52.8121,DEMO_SIMULATION
2026-04-16,50000192,클렌징,53.3282,DEMO_SIMULATION
2026-04-17,50000192,클렌징,52.2712,DEMO_SIMULATION
2026-04-18,50000192,클렌징,57.5175,DEMO_SIMULATION
2026-04-19,50000192,클렌징,58.1792,DEMO_SIMULATION
2026-04-20,50000192,클렌징,65.0227,DEMO_SIMULATION
2026-04-21,50000192,클렌징,55.472,DEMO_SIMULATION
2026-04-22,50000192,클렌징,50.8727,DEMO_SIMULATION
2026-04-23,50000192,클렌징,49.3963,DEMO_SIMULATION
2026-04-24,50000192,클렌징,55.0762,DEMO_SIMULATION
2026-04-25,50000192,클렌징,54.063,DEMO_SIMULATION
2026-04-26,50000192,클렌징,62.686,DEMO_SIMULATION
2026-04-27,50000192,클렌징,64.8552,DEMO_SIMULATION
2026-04-28,50000192,클렌징,51.4282,DEMO_SIMULATION
2026-04-29,50000192,클렌징,52.4273,DEMO_SIMULATION
2026-04-30,50000192,클렌징,53.3889,DEMO_SIMULATION
2026-05-01,50000192,클렌징,66.5337,DEMO_SIMULATION
2026-05-02,50000192,클렌징,67.0934,DEMO_SIMULATION
2026-05-03,50000192,클렌징,75.3234,DEMO_SIMULATION
2026-05-04,50000192,클렌징,70.3976,DEMO_SIMULATION
2026-05-05,50000192,클렌징,66.4277,DEMO_SIMULATION
2026-05-06,50000192,클렌징,68.3357,DEMO_SIMULATION
2026-05-07,50000192,클렌징,65.2923,DEMO_SIMULATION
2026-05-08,50000192,클렌징,60.2765,DEMO_SIMULATION
2026-05-09,50000192,클렌징,62.5891,DEMO_SIMULATION
2026-05-10,50000192,클렌징,67.5965,DEMO_SIMULATION
2026-05-11,50000192,클렌징,73.2842,DEMO_SIMULATION
2026-05-12,50000192,클렌징,63.8247,DEMO_SIMULATION
2026-05-13,50000192,클렌징,65.0862,DEMO_SIMULATION
2026-05-14,50000192,클렌징,67.6247,DEMO_SIMULATION
2026-05-15,50000192,클렌징,65.1557,DEMO_SIMULATION
2026-05-16,50000192,클렌징,60.4756,DEMO_SIMULATION
2026-05-17,50000192,클렌징,71.5569,DEMO_SIMULATION
2026-05-18,50000192,클렌징,70.8572,DEMO_SIMULATION
2026-05-19,50000192,클렌징,64.9622,DEMO_SIMULATION
2026-05-20,50000192,클렌징,61.0153,DEMO_SIMULATION
2026-05-21,50000192,클렌징,60.3731,DEMO_SIMULATION
2026-05-22,50000192,클렌징,68.755,DEMO_SIMULATION
2026-05-23,50000192,클렌징,64.5789,DEMO_SIMULATION
2026-05-24,50000192,클렌징,76.0282,DEMO_SIMULATION
2026-05-25,50000192,클렌징,73.3784,DEMO_SIMULATION
2026-05-26,50000192,클렌징,60.9972,DEMO_SIMULATION
2026-05-27,50000192,클렌징,62.3495,DEMO_SIMULATION
2026-05-28,50000192,클렌징,62.6504,DEMO_SIMULATION
2026-05-29,50000192,클렌징,62.0872,DEMO_SIMULATION
2026-05-30,50000192,클렌징,63.1314,DEMO_SIMULATION
2026-05-31,50000192,클렌징,72.0705,DEMO_SIMULATION
2026-06-01,50000192,클렌징,99.1254,DEMO_SIMULATION
2026-06-02,50000192,클렌징,88.8162,DEMO_SIMULATION
2026-06-03,50000192,클렌징,88.9879,DEMO_SIMULATION
2026-06-04,50000192,클렌징,87.6163,DEMO_SIMULATION
2026-06-05,50000192,클렌징,90.0192,DEMO_SIMULATION
2026-06-06,50000192,클렌징,87.4008,DEMO_SIMULATION
2026-06-07,50000192,클렌징,100.0,DEMO_SIMULATION
2026-06-08,50000192,클렌징,79.2356,DEMO_SIMULATION
2026-06-09,50000192,클렌징,67.634,DEMO_SIMULATION
2026-06-10,50000192,클렌징,71.4125,DEMO_SIMULATION
2026-06-11,50000192,클렌징,70.6782,DEMO_SIMULATION
2026-06-12,50000192,클렌징,74.2016,DEMO_SIMULATION
2026-06-13,50000192,클렌징,76.2726,DEMO_SIMULATION
2026-06-14,50000192,클렌징,76.8433,DEMO_SIMULATION
2026-06-15,50000192,클렌징,76.6746,DEMO_SIMULATION
2026-06-16,50000192,클렌징,70.2744,DEMO_SIMULATION
2026-06-17,50000192,클렌징,73.9346,DEMO_SIMULATION
2026-06-18,50000192,클렌징,68.5253,DEMO_SIMULATION
2026-06-19,50000192,클렌징,73.2849,DEMO_SIMULATION
2026-06-20,50000192,클렌징,76.8968,DEMO_SIMULATION
2026-06-21,50000192,클렌징,78.1492,DEMO_SIMULATION
2026-06-22,50000192,클렌징,74.8304,DEMO_SIMULATION
2026-06-23,50000192,클렌징,67.8189,DEMO_SIMULATION
2026-06-24,50000192,클렌징,69.0105,DEMO_SIMULATION
2026-06-25,50000192,클렌징,68.1223,DEMO_SIMULATION
2026-06-26,50000192,클렌징,73.2655,DEMO_SIMULATION
2026-06-27,50000192,클렌징,75.2572,DEMO_SIMULATION
2026-06-28,50000192,클렌징,84.0524,DEMO_SIMULATION
2026-06-29,50000192,클렌징,77.7012,DEMO_SIMULATION
2026-06-30,50000192,클렌징,67.5304,DEMO_SIMULATION
2026-07-01,50000192,클렌징,74.9463,DEMO_SIMULATION
2026-07-02,50000192,클렌징,73.4199,DEMO_SIMULATION
2026-07-03,50000192,클렌징,71.6717,DEMO_SIMULATION
2026-07-04,50000192,클렌징,79.6693,DEMO_SIMULATION
2026-07-05,50000192,클렌징,77.8144,DEMO_SIMULATION
2026-07-06,50000192,클렌징,86.4078,DEMO_SIMULATION
2026-07-07,50000192,클렌징,70.6759,DEMO_SIMULATION
2026-07-08,50000192,클렌징,76.9365,DEMO_SIMULATION
2026-07-09,50000192,클렌징,79.584,DEMO_SIMULATION
2026-07-10,50000192,클렌징,75.2929,DEMO_SIMULATION
2026-07-11,50000192,클렌징,72.1557,DEMO_SIMULATION
2026-07-12,50000192,클렌징,78.8241,DEMO_SIMULATION
2026-07-13,50000192,클렌징,79.0909,DEMO_SIMULATION
2026-07-14,50000192,클렌징,73.4852,DEMO_SIMULATION
2026-07-15,50000192,클렌징,78.4317,DEMO_SIMULATION
2026-07-16,50000192,클렌징,74.2387,DEMO_SIMULATION
2026-07-17,50000192,클렌징,78.0437,DEMO_SIMULATION
2026-07-18,50000192,클렌징,78.4664,DEMO_SIMULATION
2026-07-19,50000192,클렌징,82.1242,DEMO_SIMULATION
2026-07-20,50000192,클렌징,82.4838,DEMO_SIMULATION
2026-07-21,50000192,클렌징,78.422,DEMO_SIMULATION
2026-07-22,50000192,클렌징,77.0519,DEMO_SIMULATION
2026-07-23,50000192,클렌징,75.4849,DEMO_SIMULATION
2026-07-24,50000192,클렌징,76.3354,DEMO_SIMULATION
2026-07-25,50000192,클렌징,73.5959,DEMO_SIMULATION
2026-07-26,50000192,클렌징,78.75,DEMO_SIMULATION
2026-07-27,50000192,클렌징,83.8741,DEMO_SIMULATION
2026-07-28,50000192,클렌징,78.7936,DEMO_SIMULATION
2026-07-29,50000192,클렌징,78.5208,DEMO_SIMULATION
2026-07-30,50000192,클렌징,74.4009,DEMO_SIMULATION
2026-07-31,50000192,클렌징,73.1507,DEMO_SIMULATION
2026-08-01,50000192,클렌징,74.9516,DEMO_SIMULATION
2026-08-02,50000192,클렌징,83.2062,DEMO_SIMULATION
2026-08-03,50000192,클렌징,76.8663,DEMO_SIMULATION
2026-08-04,50000192,클렌징,73.6649,DEMO_SIMULATION
2026-08-05,50000192,클렌징,72.9826,DEMO_SIMULATION
2026-08-06,50000192,클렌징,72.2128,DEMO_SIMULATION
2026-08-07,50000192,클렌징,74.2026,DEMO_SIMULATION
2026-08-08,50000192,클렌징,68.9206,DEMO_SIMULATION
2026-08-09,50000192,클렌징,82.6588,DEMO_SIMULATION
2026-08-10,50000192,클렌징,82.4519,DEMO_SIMULATION
2026-08-11,50000192,클렌징,71.0846,DEMO_SIMULATION
2026-08-12,50000192,클렌징,76.3075,DEMO_SIMULATION
2026-08-13,50000192,클렌징,67.6817,DEMO_SIMULATION
2026-08-14,50000192,클렌징,70.1005,DEMO_SIMULATION
2026-08-15,50000192,클렌징,72.241,DEMO_SIMULATION
2026-08-16,50000192,클렌징,75.678,DEMO_SIMULATION
2026-08-17,50000192,클렌징,80.5455,DEMO_SIMULATION
2026-08-18,50000192,클렌징,71.5976,DEMO_SIMULATION
2026-08-19,50000192,클렌징,70.8832,DEMO_SIMULATION
2026-08-20,50000192,클렌징,73.9345,DEMO_SIMULATION
2026-08-21,50000192,클렌징,74.4684,DEMO_SIMULATION
2026-08-22,50000192,클렌징,69.9062,DEMO_SIMULATION
2026-08-23,50000192,클렌징,80.4575,DEMO_SIMULATION
2026-08-24,50000192,클렌징,75.0007,DEMO_SIMULATION
2026-08-25,50000192,클렌징,76.2273,DEMO_SIMULATION
2026-08-26,50000192,클렌징,67.6984,DEMO_SIMULATION
2026-08-27,50000192,클렌징,73.0813,DEMO_SIMULATION
2026-08-28,50000192,클렌징,76.2611,DEMO_SIMULATION
2026-08-29,50000192,클렌징,70.5528,DEMO_SIMULATION
2026-08-30,50000192,클렌징,76.1354,DEMO_SIMULATION
2026-08-31,50000192,클렌징,77.192,DEMO_SIMULATION
2026-09-01,50000192,클렌징,81.597,DEMO_SIMULATION
2026-09-02,50000192,클렌징,86.6924,DEMO_SIMULATION
2026-09-03,50000192,클렌징,77.461,DEMO_SIMULATION
2026-09-04,50000192,클렌징,86.1853,DEMO_SIMULATION
2026-09-05,50000192,클렌징,83.8178,DEMO_SIMULATION
2026-09-06,50000192,클렌징,90.7591,DEMO_SIMULATION
2026-09-07,50000192,클렌징,86.1538,DEMO_SIMULATION
2026-09-08,50000192,클렌징,62.6497,DEMO_SIMULATION
2025-09-09,50000200,향수,6.0816,DEMO_SIMULATION
2025-09-10,50000200,향수,11.4144,DEMO_SIMULATION
2025-09-11,50000200,향수,6.4455,DEMO_SIMULATION
2025-09-12,50000200,향수,11.5093,DEMO_SIMULATION
2025-09-13,50000200,향수,13.2448,DEMO_SIMULATION
2025-09-14,50000200,향수,13.4613,DEMO_SIMULATION
2025-09-15,50000200,향수,20.7623,DEMO_SIMULATION
2025-09-16,50000200,향수,6.0816,DEMO_SIMULATION
2025-09-17,50000200,향수,8.3331,DEMO_SIMULATION
2025-09-18,50000200,향수,11.7572,DEMO_SIMULATION
2025-09-19,50000200,향수,6.0816,DEMO_SIMULATION
2025-09-20,50000200,향수,12.0345,DEMO_SIMULATION
2025-09-21,50000200,향수,14.2407,DEMO_SIMULATION
2025-09-22,50000200,향수,19.4371,DEMO_SIMULATION
2025-09-23,50000200,향수,10.4347,DEMO_SIMULATION
2025-09-24,50000200,향수,12.2519,DEMO_SIMULATION
2025-09-25,50000200,향수,6.0816,DEMO_SIMULATION
2025-09-26,50000200,향수,10.7125,DEMO_SIMULATION
2025-09-27,50000200,향수,7.3377,DEMO_SIMULATION
2025-09-28,50000200,향수,12.5951,DEMO_SIMULATION
2025-09-29,50000200,향수,12.8929,DEMO_SIMULATION
2025-09-30,50000200,향수,12.5773,DEMO_SIMULATION
2025-10-01,50000200,향수,27.7217,DEMO_SIMULATION
2025-10-02,50000200,향수,19.8994,DEMO_SIMULATION
2025-10-03,50000200,향수,24.7445,DEMO_SIMULATION
2025-10-04,50000200,향수,26.3075,DEMO_SIMULATION
2025-10-05,50000200,향수,32.2488,DEMO_SIMULATION
2025-10-06,50000200,향수,29.2694,DEMO_SIMULATION
2025-10-07,50000200,향수,25.1856,DEMO_SIMULATION
2025-10-08,50000200,향수,19.1429,DEMO_SIMULATION
2025-10-09,50000200,향수,24.2179,DEMO_SIMULATION
2025-10-10,50000200,향수,21.4024,DEMO_SIMULATION
2025-10-11,50000200,향수,23.2526,DEMO_SIMULATION
2025-10-12,50000200,향수,34.8297,DEMO_SIMULATION
2025-10-13,50000200,향수,26.2219,DEMO_SIMULATION
2025-10-14,50000200,향수,22.9538,DEMO_SIMULATION
2025-10-15,50000200,향수,23.9829,DEMO_SIMULATION
2025-10-16,50000200,향수,18.2608,DEMO_SIMULATION
2025-10-17,50000200,향수,26.9037,DEMO_SIMULATION
2025-10-18,50000200,향수,26.028,DEMO_SIMULATION
2025-10-19,50000200,향수,34.5923,DEMO_SIMULATION
2025-10-20,50000200,향수,29.9329,DEMO_SIMULATION
2025-10-21,50000200,향수,22.4231,DEMO_SIMULATION
2025-10-22,50000200,향수,22.2882,DEMO_SIMULATION
2025-10-23,50000200,향수,27.826,DEMO_SIMULATION
2025-10-24,50000200,향수,25.3989,DEMO_SIMULATION
2025-10-25,50000200,향수,20.7432,DEMO_SIMULATION
2025-10-26,50000200,향수,28.1775,DEMO_SIMULATION
2025-10-27,50000200,향수,35.1641,DEMO_SIMULATION
2025-10-28,50000200,향수,19.675,DEMO_SIMULATION
2025-10-29,50000200,향수,24.8473,DEMO_SIMULATION
2025-10-30,50000200,향수,26.8585,DEMO_SIMULATION
2025-10-31,50000200,향수,25.1472,DEMO_SIMULATION
2025-11-01,50000200,향수,46.3965,DEMO_SIMULATION
2025-11-02,50000200,향수,52.4667,DEMO_SIMULATION
2025-11-03,50000200,향수,52.8111,DEMO_SIMULATION
2025-11-04,50000200,향수,44.0706,DEMO_SIMULATION
2025-11-05,50000200,향수,42.7495,DEMO_SIMULATION
2025-11-06,50000200,향수,44.7952,DEMO_SIMULATION
2025-11-07,50000200,향수,44.4343,DEMO_SIMULATION
2025-11-08,50000200,향수,41.7432,DEMO_SIMULATION
2025-11-09,50000200,향수,46.2501,DEMO_SIMULATION
2025-11-10,50000200,향수,52.7035,DEMO_SIMULATION
2025-11-11,50000200,향수,47.1761,DEMO_SIMULATION
2025-11-12,50000200,향수,43.5571,DEMO_SIMULATION
2025-11-13,50000200,향수,46.333,DEMO_SIMULATION
2025-11-14,50000200,향수,46.5011,DEMO_SIMULATION
2025-11-15,50000200,향수,40.0361,DEMO_SIMULATION
2025-11-16,50000200,향수,49.2004,DEMO_SIMULATION
2025-11-17,50000200,향수,51.1707,DEMO_SIMULATION
2025-11-18,50000200,향수,45.6015,DEMO_SIMULATION
2025-11-19,50000200,향수,40.3873,DEMO_SIMULATION
2025-11-20,50000200,향수,41.4822,DEMO_SIMULATION
2025-11-21,50000200,향수,42.6369,DEMO_SIMULATION
2025-11-22,50000200,향수,39.9729,DEMO_SIMULATION
2025-11-23,50000200,향수,47.0192,DEMO_SIMULATION
2025-11-24,50000200,향수,52.698,DEMO_SIMULATION
2025-11-25,50000200,향수,46.9048,DEMO_SIMULATION
2025-11-26,50000200,향수,40.0165,DEMO_SIMULATION
2025-11-27,50000200,향수,38.6236,DEMO_SIMULATION
2025-11-28,50000200,향수,46.1263,DEMO_SIMULATION
2025-11-29,50000200,향수,38.3925,DEMO_SIMULATION
2025-11-30,50000200,향수,52.7116,DEMO_SIMULATION
2025-12-01,50000200,향수,84.0279,DEMO_SIMULATION
2025-12-02,50000200,향수,80.114,DEMO_SIMULATION
2025-12-03,50000200,향수,75.5923,DEMO_SIMULATION
2025-12-04,50000200,향수,76.1213,DEMO_SIMULATION
2025-12-05,50000200,향수,76.8039,DEMO_SIMULATION
2025-12-06,50000200,향수,82.5976,DEMO_SIMULATION
2025-12-07,50000200,향수,86.2692,DEMO_SIMULATION
2025-12-08,50000200,향수,72.7394,DEMO_SIMULATION
2025-12-09,50000200,향수,62.2276,DEMO_SIMULATION
2025-12-10,50000200,향수,59.1118,DEMO_SIMULATION
2025-12-11,50000200,향수,62.1562,DEMO_SIMULATION
2025-12-12,50000200,향수,62.9649,DEMO_SIMULATION
2025-12-13,50000200,향수,66.0776,DEMO_SIMULATION
2025-12-14,50000200,향수,67.9444,DEMO_SIMULATION
2025-12-15,50000200,향수,65.7393,DEMO_SIMULATION
2025-12-16,50000200,향수,62.1839,DEMO_SIMULATION
2025-12-17,50000200,향수,58.6783,DEMO_SIMULATION
2025-12-18,50000200,향수,65.2524,DEMO_SIMULATION
2025-12-19,50000200,향수,60.8059,DEMO_SIMULATION
2025-12-20,50000200,향수,57.2247,DEMO_SIMULATION
2025-12-21,50000200,향수,66.0821,DEMO_SIMULATION
2025-12-22,50000200,향수,66.1675,DEMO_SIMULATION
2025-12-23,50000200,향수,58.8673,DEMO_SIMULATION
2025-12-24,50000200,향수,61.0938,DEMO_SIMULATION
2025-12-25,50000200,향수,63.5226,DEMO_SIMULATION
2025-12-26,50000200,향수,62.0711,DEMO_SIMULATION
2025-12-27,50000200,향수,58.9686,DEMO_SIMULATION
2025-12-28,50000200,향수,68.3922,DEMO_SIMULATION
2025-12-29,50000200,향수,71.7294,DEMO_SIMULATION
2025-12-30,50000200,향수,57.398,DEMO_SIMULATION
2025-12-31,50000200,향수,65.3801,DEMO_SIMULATION
2026-01-01,50000200,향수,80.7748,DEMO_SIMULATION
2026-01-02,50000200,향수,77.1726,DEMO_SIMULATION
2026-01-03,50000200,향수,74.6377,DEMO_SIMULATION
2026-01-04,50000200,향수,81.4978,DEMO_SIMULATION
2026-01-05,50000200,향수,79.969,DEMO_SIMULATION
2026-01-06,50000200,향수,74.6096,DEMO_SIMULATION
2026-01-07,50000200,향수,74.6858,DEMO_SIMULATION
2026-01-08,50000200,향수,76.4889,DEMO_SIMULATION
2026-01-09,50000200,향수,76.9804,DEMO_SIMULATION
2026-01-10,50000200,향수,73.0518,DEMO_SIMULATION
2026-01-11,50000200,향수,82.3209,DEMO_SIMULATION
2026-01-12,50000200,향수,80.1257,DEMO_SIMULATION
2026-01-13,50000200,향수,76.6419,DEMO_SIMULATION
2026-01-14,50000200,향수,74.1808,DEMO_SIMULATION
2026-01-15,50000200,향수,73.1673,DEMO_SIMULATION
2026-01-16,50000200,향수,79.5497,DEMO_SIMULATION
2026-01-17,50000200,향수,77.5795,DEMO_SIMULATION
2026-01-18,50000200,향수,85.9402,DEMO_SIMULATION
2026-01-19,50000200,향수,86.431,DEMO_SIMULATION
2026-01-20,50000200,향수,74.0551,DEMO_SIMULATION
2026-01-21,50000200,향수,74.0683,DEMO_SIMULATION
2026-01-22,50000200,향수,73.5151,DEMO_SIMULATION
2026-01-23,50000200,향수,73.613,DEMO_SIMULATION
2026-01-24,50000200,향수,76.0182,DEMO_SIMULATION
2026-01-25,50000200,향수,84.3634,DEMO_SIMULATION
2026-01-26,50000200,향수,80.0545,DEMO_SIMULATION
2026-01-27,50000200,향수,77.771,DEMO_SIMULATION
2026-01-28,50000200,향수,72.7662,DEMO_SIMULATION
2026-01-29,50000200,향수,75.4344,DEMO_SIMULATION
2026-01-30,50000200,향수,75.1683,DEMO_SIMULATION
2026-01-31,50000200,향수,74.4931,DEMO_SIMULATION
2026-02-01,50000200,향수,87.5954,DEMO_SIMULATION
2026-02-02,50000200,향수,89.9051,DEMO_SIMULATION
2026-02-03,50000200,향수,79.9026,DEMO_SIMULATION
2026-02-04,50000200,향수,80.5704,DEMO_SIMULATION
2026-02-05,50000200,향수,79.6225,DEMO_SIMULATION
2026-02-06,50000200,향수,84.6192,DEMO_SIMULATION
2026-02-07,50000200,향수,79.335,DEMO_SIMULATION
2026-02-08,50000200,향수,87.771,DEMO_SIMULATION
2026-02-09,50000200,향수,88.9838,DEMO_SIMULATION
2026-02-10,50000200,향수,79.2261,DEMO_SIMULATION
2026-02-11,50000200,향수,81.0611,DEMO_SIMULATION
2026-02-12,50000200,향수,82.6002,DEMO_SIMULATION
2026-02-13,50000200,향수,80.2779,DEMO_SIMULATION
2026-02-14,50000200,향수,78.7957,DEMO_SIMULATION
2026-02-15,50000200,향수,86.148,DEMO_SIMULATION
2026-02-16,50000200,향수,89.3379,DEMO_SIMULATION
2026-02-17,50000200,향수,84.7637,DEMO_SIMULATION
2026-02-18,50000200,향수,81.9816,DEMO_SIMULATION
2026-02-19,50000200,향수,81.903,DEMO_SIMULATION
2026-02-20,50000200,향수,79.5878,DEMO_SIMULATION
2026-02-21,50000200,향수,84.6314,DEMO_SIMULATION
2026-02-22,50000200,향수,87.6619,DEMO_SIMULATION
2026-02-23,50000200,향수,88.2101,DEMO_SIMULATION
2026-02-24,50000200,향수,82.2355,DEMO_SIMULATION
2026-02-25,50000200,향수,80.4186,DEMO_SIMULATION
2026-02-26,50000200,향수,83.8618,DEMO_SIMULATION
2026-02-27,50000200,향수,77.1953,DEMO_SIMULATION
2026-02-28,50000200,향수,79.2727,DEMO_SIMULATION
2026-03-01,50000200,향수,98.8341,DEMO_SIMULATION
2026-03-02,50000200,향수,100.0,DEMO_SIMULATION
2026-03-03,50000200,향수,97.4259,DEMO_SIMULATION
2026-03-04,50000200,향수,95.6859,DEMO_SIMULATION
2026-03-05,50000200,향수,90.5209,DEMO_SIMULATION
2026-03-06,50000200,향수,97.2272,DEMO_SIMULATION
2026-03-07,50000200,향수,95.5224,DEMO_SIMULATION
2026-03-08,50000200,향수,88.3067,DEMO_SIMULATION
2026-03-09,50000200,향수,83.8883,DEMO_SIMULATION
2026-03-10,50000200,향수,77.2546,DEMO_SIMULATION
2026-03-11,50000200,향수,76.5308,DEMO_SIMULATION
2026-03-12,50000200,향수,72.0813,DEMO_SIMULATION
2026-03-13,50000200,향수,77.159,DEMO_SIMULATION
2026-03-14,50000200,향수,73.6487,DEMO_SIMULATION
2026-03-15,50000200,향수,85.7329,DEMO_SIMULATION
2026-03-16,50000200,향수,84.7575,DEMO_SIMULATION
2026-03-17,50000200,향수,80.1273,DEMO_SIMULATION
2026-03-18,50000200,향수,76.1409,DEMO_SIMULATION
2026-03-19,50000200,향수,80.894,DEMO_SIMULATION
2026-03-20,50000200,향수,73.3636,DEMO_SIMULATION
2026-03-21,50000200,향수,73.993,DEMO_SIMULATION
2026-03-22,50000200,향수,86.9968,DEMO_SIMULATION
2026-03-23,50000200,향수,81.2053,DEMO_SIMULATION
2026-03-24,50000200,향수,76.4575,DEMO_SIMULATION
2026-03-25,50000200,향수,78.0418,DEMO_SIMULATION
2026-03-26,50000200,향수,72.7765,DEMO_SIMULATION
2026-03-27,50000200,향수,74.2608,DEMO_SIMULATION
2026-03-28,50000200,향수,72.7504,DEMO_SIMULATION
2026-03-29,50000200,향수,81.5472,DEMO_SIMULATION
2026-03-30,50000200,향수,84.4355,DEMO_SIMULATION
2026-03-31,50000200,향수,76.5007,DEMO_SIMULATION
2026-04-01,50000200,향수,64.8654,DEMO_SIMULATION
2026-04-02,50000200,향수,61.3325,DEMO_SIMULATION
2026-04-03,50000200,향수,65.8548,DEMO_SIMULATION
2026-04-04,50000200,향수,61.799,DEMO_SIMULATION
2026-04-05,50000200,향수,70.1507,DEMO_SIMULATION
2026-04-06,50000200,향수,67.2435,DEMO_SIMULATION
2026-04-07,50000200,향수,58.6752,DEMO_SIMULATION
2026-04-08,50000200,향수,57.4829,DEMO_SIMULATION
2026-04-09,50000200,향수,63.8429,DEMO_SIMULATION
2026-04-10,50000200,향수,58.0472,DEMO_SIMULATION
2026-04-11,50000200,향수,62.0381,DEMO_SIMULATION
2026-04-12,50000200,향수,70.3689,DEMO_SIMULATION
2026-04-13,50000200,향수,67.3478,DEMO_SIMULATION
2026-04-14,50000200,향수,62.822,DEMO_SIMULATION
2026-04-15,50000200,향수,61.7523,DEMO_SIMULATION
2026-04-16,50000200,향수,59.8252,DEMO_SIMULATION
2026-04-17,50000200,향수,59.1716,DEMO_SIMULATION
2026-04-18,50000200,향수,57.3849,DEMO_SIMULATION
2026-04-19,50000200,향수,66.1749,DEMO_SIMULATION
2026-04-20,50000200,향수,73.4543,DEMO_SIMULATION
2026-04-21,50000200,향수,64.4551,DEMO_SIMULATION
2026-04-22,50000200,향수,63.8621,DEMO_SIMULATION
2026-04-23,50000200,향수,65.4894,DEMO_SIMULATION
2026-04-24,50000200,향수,65.9624,DEMO_SIMULATION
2026-04-25,50000200,향수,66.1827,DEMO_SIMULATION
2026-04-26,50000200,향수,67.4943,DEMO_SIMULATION
2026-04-27,50000200,향수,71.9599,DEMO_SIMULATION
2026-04-28,50000200,향수,62.3787,DEMO_SIMULATION
2026-04-29,50000200,향수,65.5833,DEMO_SIMULATION
2026-04-30,50000200,향수,60.325,DEMO_SIMULATION
2026-05-01,50000200,향수,46.6795,DEMO_SIMULATION
2026-05-02,50000200,향수,38.6066,DEMO_SIMULATION
2026-05-03,50000200,향수,46.8812,DEMO_SIMULATION
2026-05-04,50000200,향수,45.1324,DEMO_SIMULATION
2026-05-05,50000200,향수,42.8788,DEMO_SIMULATION
2026-05-06,50000200,향수,46.2516,DEMO_SIMULATION
2026-05-07,50000200,향수,42.9919,DEMO_SIMULATION
2026-05-08,50000200,향수,41.2599,DEMO_SIMULATION
2026-05-09,50000200,향수,38.0802,DEMO_SIMULATION
2026-05-10,50000200,향수,50.4895,DEMO_SIMULATION
2026-05-11,50000200,향수,51.805,DEMO_SIMULATION
2026-05-12,50000200,향수,44.0651,DEMO_SIMULATION
2026-05-13,50000200,향수,41.0838,DEMO_SIMULATION
2026-05-14,50000200,향수,46.691,DEMO_SIMULATION
2026-05-15,50000200,향수,41.8436,DEMO_SIMULATION
2026-05-16,50000200,향수,41.7394,DEMO_SIMULATION
2026-05-17,50000200,향수,47.4001,DEMO_SIMULATION
2026-05-18,50000200,향수,51.6357,DEMO_SIMULATION
2026-05-19,50000200,향수,41.3137,DEMO_SIMULATION
2026-05-20,50000200,향수,38.3698,DEMO_SIMULATION
2026-05-21,50000200,향수,43.2704,DEMO_SIMULATION
2026-05-22,50000200,향수,45.9177,DEMO_SIMULATION
2026-05-23,50000200,향수,39.5864,DEMO_SIMULATION
2026-05-24,50000200,향수,45.169,DEMO_SIMULATION
2026-05-25,50000200,향수,53.4647,DEMO_SIMULATION
2026-05-26,50000200,향수,45.2081,DEMO_SIMULATION
2026-05-27,50000200,향수,42.9313,DEMO_SIMULATION
2026-05-28,50000200,향수,44.7074,DEMO_SIMULATION
2026-05-29,50000200,향수,43.2069,DEMO_SIMULATION
2026-05-30,50000200,향수,46.3559,DEMO_SIMULATION
2026-05-31,50000200,향수,50.51,DEMO_SIMULATION
2026-06-01,50000200,향수,50.3773,DEMO_SIMULATION
2026-06-02,50000200,향수,44.9893,DEMO_SIMULATION
2026-06-03,50000200,향수,42.6739,DEMO_SIMULATION
2026-06-04,50000200,향수,39.5483,DEMO_SIMULATION
2026-06-05,50000200,향수,44.9652,DEMO_SIMULATION
2026-06-06,50000200,향수,45.7162,DEMO_SIMULATION
2026-06-07,50000200,향수,45.718,DEMO_SIMULATION
2026-06-08,50000200,향수,33.7952,DEMO_SIMULATION
2026-06-09,50000200,향수,27.0858,DEMO_SIMULATION
2026-06-10,50000200,향수,20.9342,DEMO_SIMULATION
2026-06-11,50000200,향수,21.7128,DEMO_SIMULATION
2026-06-12,50000200,향수,27.8335,DEMO_SIMULATION
2026-06-13,50000200,향수,26.8682,DEMO_SIMULATION
2026-06-14,50000200,향수,30.2463,DEMO_SIMULATION
2026-06-15,50000200,향수,28.3362,DEMO_SIMULATION
2026-06-16,50000200,향수,22.1712,DEMO_SIMULATION
2026-06-17,50000200,향수,19.4101,DEMO_SIMULATION
2026-06-18,50000200,향수,23.8104,DEMO_SIMULATION
2026-06-19,50000200,향수,21.4706,DEMO_SIMULATION
2026-06-20,50000200,향수,21.1071,DEMO_SIMULATION
2026-06-21,50000200,향수,27.4453,DEMO_SIMULATION
2026-06-22,50000200,향수,31.9657,DEMO_SIMULATION
2026-06-23,50000200,향수,24.0034,DEMO_SIMULATION
2026-06-24,50000200,향수,23.7016,DEMO_SIMULATION
2026-06-25,50000200,향수,25.2156,DEMO_SIMULATION
2026-06-26,50000200,향수,26.0303,DEMO_SIMULATION
2026-06-27,50000200,향수,19.7354,DEMO_SIMULATION
2026-06-28,50000200,향수,30.1016,DEMO_SIMULATION
2026-06-29,50000200,향수,27.3113,DEMO_SIMULATION
2026-06-30,50000200,향수,20.139,DEMO_SIMULATION
2026-07-01,50000200,향수,13.4935,DEMO_SIMULATION
2026-07-02,50000200,향수,8.0326,DEMO_SIMULATION
2026-07-03,50000200,향수,8.0646,DEMO_SIMULATION
2026-07-04,50000200,향수,6.7373,DEMO_SIMULATION
2026-07-05,50000200,향수,17.1978,DEMO_SIMULATION
2026-07-06,50000200,향수,12.4883,DEMO_SIMULATION
2026-07-07,50000200,향수,12.4813,DEMO_SIMULATION
2026-07-08,50000200,향수,6.5534,DEMO_SIMULATION
2026-07-09,50000200,향수,7.2759,DEMO_SIMULATION
2026-07-10,50000200,향수,10.051,DEMO_SIMULATION
2026-07-11,50000200,향수,6.0816,DEMO_SIMULATION
2026-07-12,50000200,향수,17.3201,DEMO_SIMULATION
2026-07-13,50000200,향수,20.7858,DEMO_SIMULATION
2026-07-14,50000200,향수,6.6949,DEMO_SIMULATION
2026-07-15,50000200,향수,12.2555,DEMO_SIMULATION
2026-07-16,50000200,향수,8.9172,DEMO_SIMULATION
2026-07-17,50000200,향수,6.0816,DEMO_SIMULATION
2026-07-18,50000200,향수,13.1311,DEMO_SIMULATION
2026-07-19,50000200,향수,12.2063,DEMO_SIMULATION
2026-07-20,50000200,향수,17.4847,DEMO_SIMULATION
2026-07-21,50000200,향수,6.0816,DEMO_SIMULATION
2026-07-22,50000200,향수,6.0816,DEMO_SIMULATION
2026-07-23,50000200,향수,6.7905,DEMO_SIMULATION
2026-07-24,50000200,향수,10.4486,DEMO_SIMULATION
2026-07-25,50000200,향수,10.2594,DEMO_SIMULATION
2026-07-26,50000200,향수,12.9754,DEMO_SIMULATION
2026-07-27,50000200,향수,12.4392,DEMO_SIMULATION
2026-07-28,50000200,향수,6.0816,DEMO_SIMULATION
2026-07-29,50000200,향수,6.0816,DEMO_SIMULATION
2026-07-30,50000200,향수,6.0816,DEMO_SIMULATION
2026-07-31,50000200,향수,6.8163,DEMO_SIMULATION
2026-08-01,50000200,향수,6.0816,DEMO_SIMULATION
2026-08-02,50000200,향수,9.6295,DEMO_SIMULATION
2026-08-03,50000200,향수,8.9817,DEMO_SIMULATION
2026-08-04,50000200,향수,6.0816,DEMO_SIMULATION
2026-08-05,50000200,향수,7.8545,DEMO_SIMULATION
2026-08-06,50000200,향수,6.0816,DEMO_SIMULATION
2026-08-07,50000200,향수,6.0816,DEMO_SIMULATION
2026-08-08,50000200,향수,8.1179,DEMO_SIMULATION
2026-08-09,50000200,향수,7.7302,DEMO_SIMULATION
2026-08-10,50000200,향수,10.5005,DEMO_SIMULATION
2026-08-11,50000200,향수,6.0816,DEMO_SIMULATION
2026-08-12,50000200,향수,6.0816,DEMO_SIMULATION
2026-08-13,50000200,향수,7.5504,DEMO_SIMULATION
2026-08-14,50000200,향수,7.6295,DEMO_SIMULATION
2026-08-15,50000200,향수,6.5112,DEMO_SIMULATION
2026-08-16,50000200,향수,14.355,DEMO_SIMULATION
2026-08-17,50000200,향수,11.4817,DEMO_SIMULATION
2026-08-18,50000200,향수,6.0816,DEMO_SIMULATION
2026-08-19,50000200,향수,6.0816,DEMO_SIMULATION
2026-08-20,50000200,향수,6.6242,DEMO_SIMULATION
2026-08-21,50000200,향수,6.0816,DEMO_SIMULATION
2026-08-22,50000200,향수,6.0816,DEMO_SIMULATION
2026-08-23,50000200,향수,14.2484,DEMO_SIMULATION
2026-08-24,50000200,향수,12.6658,DEMO_SIMULATION
2026-08-25,50000200,향수,6.0816,DEMO_SIMULATION
2026-08-26,50000200,향수,6.9185,DEMO_SIMULATION
2026-08-27,50000200,향수,6.0816,DEMO_SIMULATION
2026-08-28,50000200,향수,6.0816,DEMO_SIMULATION
2026-08-29,50000200,향수,6.3571,DEMO_SIMULATION
2026-08-30,50000200,향수,9.9702,DEMO_SIMULATION
2026-08-31,50000200,향수,13.377,DEMO_SIMULATION
2026-09-01,50000200,향수,27.1972,DEMO_SIMULATION
2026-09-02,50000200,향수,30.7338,DEMO_SIMULATION
2026-09-03,50000200,향수,30.687,DEMO_SIMULATION
2026-09-04,50000200,향수,26.7223,DEMO_SIMULATION
2026-09-05,50000200,향수,27.7294,DEMO_SIMULATION
2026-09-06,50000200,향수,30.2868,DEMO_SIMULATION
2026-09-07,50000200,향수,33.0133,DEMO_SIMULATION
2026-09-08,50000200,향수,6.1325,DEMO_SIMULATION
2025-09-09,50000198,헤어케어,69.7351,DEMO_SIMULATION
2025-09-10,50000198,헤어케어,78.4249,DEMO_SIMULATION
2025-09-11,50000198,헤어케어,73.6915,DEMO_SIMULATION
2025-09-12,50000198,헤어케어,75.8759,DEMO_SIMULATION
2025-09-13,50000198,헤어케어,75.3044,DEMO_SIMULATION
2025-09-14,50000198,헤어케어,80.305,DEMO_SIMULATION
2025-09-15,50000198,헤어케어,78.6278,DEMO_SIMULATION
2025-09-16,50000198,헤어케어,75.2529,DEMO_SIMULATION
2025-09-17,50000198,헤어케어,70.9912,DEMO_SIMULATION
2025-09-18,50000198,헤어케어,73.8969,DEMO_SIMULATION
2025-09-19,50000198,헤어케어,75.9287,DEMO_SIMULATION
2025-09-20,50000198,헤어케어,69.8763,DEMO_SIMULATION
2025-09-21,50000198,헤어케어,76.8167,DEMO_SIMULATION
2025-09-22,50000198,헤어케어,79.3162,DEMO_SIMULATION
2025-09-23,50000198,헤어케어,72.5958,DEMO_SIMULATION
2025-09-24,50000198,헤어케어,72.4856,DEMO_SIMULATION
2025-09-25,50000198,헤어케어,76.9038,DEMO_SIMULATION
2025-09-26,50000198,헤어케어,71.9005,DEMO_SIMULATION
2025-09-27,50000198,헤어케어,68.3166,DEMO_SIMULATION
2025-09-28,50000198,헤어케어,84.0649,DEMO_SIMULATION
2025-09-29,50000198,헤어케어,84.8871,DEMO_SIMULATION
2025-09-30,50000198,헤어케어,70.8484,DEMO_SIMULATION
2025-10-01,50000198,헤어케어,61.2325,DEMO_SIMULATION
2025-10-02,50000198,헤어케어,62.8075,DEMO_SIMULATION
2025-10-03,50000198,헤어케어,66.1384,DEMO_SIMULATION
2025-10-04,50000198,헤어케어,70.8833,DEMO_SIMULATION
2025-10-05,50000198,헤어케어,71.8958,DEMO_SIMULATION
2025-10-06,50000198,헤어케어,70.9697,DEMO_SIMULATION
2025-10-07,50000198,헤어케어,70.1982,DEMO_SIMULATION
2025-10-08,50000198,헤어케어,68.3198,DEMO_SIMULATION
2025-10-09,50000198,헤어케어,67.899,DEMO_SIMULATION
2025-10-10,50000198,헤어케어,61.834,DEMO_SIMULATION
2025-10-11,50000198,헤어케어,61.5829,DEMO_SIMULATION
2025-10-12,50000198,헤어케어,76.329,DEMO_SIMULATION
2025-10-13,50000198,헤어케어,75.2405,DEMO_SIMULATION
2025-10-14,50000198,헤어케어,69.1606,DEMO_SIMULATION
2025-10-15,50000198,헤어케어,68.8706,DEMO_SIMULATION
2025-10-16,50000198,헤어케어,70.7852,DEMO_SIMULATION
2025-10-17,50000198,헤어케어,67.4691,DEMO_SIMULATION
2025-10-18,50000198,헤어케어,62.1395,DEMO_SIMULATION
2025-10-19,50000198,헤어케어,76.2512,DEMO_SIMULATION
2025-10-20,50000198,헤어케어,74.4362,DEMO_SIMULATION
2025-10-21,50000198,헤어케어,70.0773,DEMO_SIMULATION
2025-10-22,50000198,헤어케어,70.4968,DEMO_SIMULATION
2025-10-23,50000198,헤어케어,70.6848,DEMO_SIMULATION
2025-10-24,50000198,헤어케어,69.5619,DEMO_SIMULATION
2025-10-25,50000198,헤어케어,66.5586,DEMO_SIMULATION
2025-10-26,50000198,헤어케어,72.8506,DEMO_SIMULATION
2025-10-27,50000198,헤어케어,74.1591,DEMO_SIMULATION
2025-10-28,50000198,헤어케어,68.6018,DEMO_SIMULATION
2025-10-29,50000198,헤어케어,65.0772,DEMO_SIMULATION
2025-10-30,50000198,헤어케어,70.4389,DEMO_SIMULATION
2025-10-31,50000198,헤어케어,67.4139,DEMO_SIMULATION
2025-11-01,50000198,헤어케어,56.1753,DEMO_SIMULATION
2025-11-02,50000198,헤어케어,63.1538,DEMO_SIMULATION
2025-11-03,50000198,헤어케어,64.6391,DEMO_SIMULATION
2025-11-04,50000198,헤어케어,51.9275,DEMO_SIMULATION
2025-11-05,50000198,헤어케어,52.3396,DEMO_SIMULATION
2025-11-06,50000198,헤어케어,52.1934,DEMO_SIMULATION
2025-11-07,50000198,헤어케어,51.6013,DEMO_SIMULATION
2025-11-08,50000198,헤어케어,58.44,DEMO_SIMULATION
2025-11-09,50000198,헤어케어,64.2265,DEMO_SIMULATION
2025-11-10,50000198,헤어케어,66.3569,DEMO_SIMULATION
2025-11-11,50000198,헤어케어,54.4745,DEMO_SIMULATION
2025-11-12,50000198,헤어케어,59.5737,DEMO_SIMULATION
2025-11-13,50000198,헤어케어,56.1393,DEMO_SIMULATION
2025-11-14,50000198,헤어케어,53.6355,DEMO_SIMULATION
2025-11-15,50000198,헤어케어,54.5204,DEMO_SIMULATION
2025-11-16,50000198,헤어케어,68.1236,DEMO_SIMULATION
2025-11-17,50000198,헤어케어,66.5299,DEMO_SIMULATION
2025-11-18,50000198,헤어케어,55.0673,DEMO_SIMULATION
2025-11-19,50000198,헤어케어,57.5663,DEMO_SIMULATION
2025-11-20,50000198,헤어케어,55.7882,DEMO_SIMULATION
2025-11-21,50000198,헤어케어,61.055,DEMO_SIMULATION
2025-11-22,50000198,헤어케어,52.6113,DEMO_SIMULATION
2025-11-23,50000198,헤어케어,65.2662,DEMO_SIMULATION
2025-11-24,50000198,헤어케어,65.9355,DEMO_SIMULATION
2025-11-25,50000198,헤어케어,50.9919,DEMO_SIMULATION
2025-11-26,50000198,헤어케어,52.4448,DEMO_SIMULATION
2025-11-27,50000198,헤어케어,54.5681,DEMO_SIMULATION
2025-11-28,50000198,헤어케어,57.7146,DEMO_SIMULATION
2025-11-29,50000198,헤어케어,54.7308,DEMO_SIMULATION
2025-11-30,50000198,헤어케어,65.8655,DEMO_SIMULATION
2025-12-01,50000198,헤어케어,76.4606,DEMO_SIMULATION
2025-12-02,50000198,헤어케어,62.4717,DEMO_SIMULATION
2025-12-03,50000198,헤어케어,61.0552,DEMO_SIMULATION
2025-12-04,50000198,헤어케어,66.3437,DEMO_SIMULATION
2025-12-05,50000198,헤어케어,69.7516,DEMO_SIMULATION
2025-12-06,50000198,헤어케어,70.7993,DEMO_SIMULATION
2025-12-07,50000198,헤어케어,72.8083,DEMO_SIMULATION
2025-12-08,50000198,헤어케어,58.1916,DEMO_SIMULATION
2025-12-09,50000198,헤어케어,45.5425,DEMO_SIMULATION
2025-12-10,50000198,헤어케어,45.94,DEMO_SIMULATION
2025-12-11,50000198,헤어케어,45.5968,DEMO_SIMULATION
2025-12-12,50000198,헤어케어,42.7462,DEMO_SIMULATION
2025-12-13,50000198,헤어케어,44.2929,DEMO_SIMULATION
2025-12-14,50000198,헤어케어,58.6453,DEMO_SIMULATION
2025-12-15,50000198,헤어케어,58.2581,DEMO_SIMULATION
2025-12-16,50000198,헤어케어,40.8529,DEMO_SIMULATION
2025-12-17,50000198,헤어케어,51.2243,DEMO_SIMULATION
2025-12-18,50000198,헤어케어,43.7374,DEMO_SIMULATION
2025-12-19,50000198,헤어케어,41.485,DEMO_SIMULATION
2025-12-20,50000198,헤어케어,46.2483,DEMO_SIMULATION
2025-12-21,50000198,헤어케어,59.314,DEMO_SIMULATION
2025-12-22,50000198,헤어케어,51.8398,DEMO_SIMULATION
2025-12-23,50000198,헤어케어,50.2294,DEMO_SIMULATION
2025-12-24,50000198,헤어케어,43.3283,DEMO_SIMULATION
2025-12-25,50000198,헤어케어,45.1134,DEMO_SIMULATION
2025-12-26,50000198,헤어케어,42.3747,DEMO_SIMULATION
2025-12-27,50000198,헤어케어,45.4691,DEMO_SIMULATION
2025-12-28,50000198,헤어케어,52.9872,DEMO_SIMULATION
2025-12-29,50000198,헤어케어,50.0194,DEMO_SIMULATION
2025-12-30,50000198,헤어케어,46.3866,DEMO_SIMULATION
2025-12-31,50000198,헤어케어,51.0014,DEMO_SIMULATION
2026-01-01,50000198,헤어케어,43.0944,DEMO_SIMULATION
2026-01-02,50000198,헤어케어,36.2709,DEMO_SIMULATION
2026-01-03,50000198,헤어케어,43.8669,DEMO_SIMULATION
2026-01-04,50000198,헤어케어,50.3548,DEMO_SIMULATION
2026-01-05,50000198,헤어케어,48.3621,DEMO_SIMULATION
2026-01-06,50000198,헤어케어,39.1371,DEMO_SIMULATION
2026-01-07,50000198,헤어케어,35.0507,DEMO_SIMULATION
2026-01-08,50000198,헤어케어,37.5385,DEMO_SIMULATION
2026-01-09,50000198,헤어케어,43.5196,DEMO_SIMULATION
2026-01-10,50000198,헤어케어,39.4978,DEMO_SIMULATION
2026-01-11,50000198,헤어케어,47.4882,DEMO_SIMULATION
2026-01-12,50000198,헤어케어,43.3733,DEMO_SIMULATION
2026-01-13,50000198,헤어케어,40.6924,DEMO_SIMULATION
2026-01-14,50000198,헤어케어,40.8662,DEMO_SIMULATION
2026-01-15,50000198,헤어케어,36.6761,DEMO_SIMULATION
2026-01-16,50000198,헤어케어,35.8454,DEMO_SIMULATION
2026-01-17,50000198,헤어케어,34.3997,DEMO_SIMULATION
2026-01-18,50000198,헤어케어,50.0578,DEMO_SIMULATION
2026-01-19,50000198,헤어케어,48.3668,DEMO_SIMULATION
2026-01-20,50000198,헤어케어,36.0414,DEMO_SIMULATION
2026-01-21,50000198,헤어케어,43.8131,DEMO_SIMULATION
2026-01-22,50000198,헤어케어,34.7186,DEMO_SIMULATION
2026-01-23,50000198,헤어케어,37.7729,DEMO_SIMULATION
2026-01-24,50000198,헤어케어,43.1397,DEMO_SIMULATION
2026-01-25,50000198,헤어케어,49.706,DEMO_SIMULATION
2026-01-26,50000198,헤어케어,46.9806,DEMO_SIMULATION
2026-01-27,50000198,헤어케어,37.4588,DEMO_SIMULATION
2026-01-28,50000198,헤어케어,38.6706,DEMO_SIMULATION
2026-01-29,50000198,헤어케어,42.2994,DEMO_SIMULATION
2026-01-30,50000198,헤어케어,36.5494,DEMO_SIMULATION
2026-01-31,50000198,헤어케어,43.5188,DEMO_SIMULATION
2026-02-01,50000198,헤어케어,40.542,DEMO_SIMULATION
2026-02-02,50000198,헤어케어,42.9262,DEMO_SIMULATION
2026-02-03,50000198,헤어케어,30.9009,DEMO_SIMULATION
2026-02-04,50000198,헤어케어,38.2249,DEMO_SIMULATION
2026-02-05,50000198,헤어케어,37.0301,DEMO_SIMULATION
2026-02-06,50000198,헤어케어,33.623,DEMO_SIMULATION
2026-02-07,50000198,헤어케어,38.6236,DEMO_SIMULATION
2026-02-08,50000198,헤어케어,49.2632,DEMO_SIMULATION
2026-02-09,50000198,헤어케어,41.945,DEMO_SIMULATION
2026-02-10,50000198,헤어케어,31.9019,DEMO_SIMULATION
2026-02-11,50000198,헤어케어,37.8956,DEMO_SIMULATION
2026-02-12,50000198,헤어케어,32.0048,DEMO_SIMULATION
2026-02-13,50000198,헤어케어,31.0235,DEMO_SIMULATION
2026-02-14,50000198,헤어케어,36.1489,DEMO_SIMULATION
2026-02-15,50000198,헤어케어,49.0895,DEMO_SIMULATION
2026-02-16,50000198,헤어케어,45.3093,DEMO_SIMULATION
2026-02-17,50000198,헤어케어,37.9669,DEMO_SIMULATION
2026-02-18,50000198,헤어케어,40.0458,DEMO_SIMULATION
2026-02-19,50000198,헤어케어,36.4463,DEMO_SIMULATION
2026-02-20,50000198,헤어케어,38.7353,DEMO_SIMULATION
2026-02-21,50000198,헤어케어,33.6826,DEMO_SIMULATION
2026-02-22,50000198,헤어케어,49.148,DEMO_SIMULATION
2026-02-23,50000198,헤어케어,43.9615,DEMO_SIMULATION
2026-02-24,50000198,헤어케어,34.4101,DEMO_SIMULATION
2026-02-25,50000198,헤어케어,37.1484,DEMO_SIMULATION
2026-02-26,50000198,헤어케어,36.6552,DEMO_SIMULATION
2026-02-27,50000198,헤어케어,34.4888,DEMO_SIMULATION
2026-02-28,50000198,헤어케어,31.2968,DEMO_SIMULATION
2026-03-01,50000198,헤어케어,67.4449,DEMO_SIMULATION
2026-03-02,50000198,헤어케어,71.4879,DEMO_SIMULATION
2026-03-03,50000198,헤어케어,58.8422,DEMO_SIMULATION
2026-03-04,50000198,헤어케어,60.144,DEMO_SIMULATION
2026-03-05,50000198,헤어케어,61.9958,DEMO_SIMULATION
2026-03-06,50000198,헤어케어,60.2514,DEMO_SIMULATION
2026-03-07,50000198,헤어케어,58.1998,DEMO_SIMULATION
2026-03-08,50000198,헤어케어,51.5195,DEMO_SIMULATION
2026-03-09,50000198,헤어케어,48.272,DEMO_SIMULATION
2026-03-10,50000198,헤어케어,41.8857,DEMO_SIMULATION
2026-03-11,50000198,헤어케어,39.13,DEMO_SIMULATION
2026-03-12,50000198,헤어케어,34.5529,DEMO_SIMULATION
2026-03-13,50000198,헤어케어,35.1524,DEMO_SIMULATION
2026-03-14,50000198,헤어케어,38.6592,DEMO_SIMULATION
2026-03-15,50000198,헤어케어,44.1353,DEMO_SIMULATION
2026-03-16,50000198,헤어케어,47.7474,DEMO_SIMULATION
2026-03-17,50000198,헤어케어,41.6681,DEMO_SIMULATION
2026-03-18,50000198,헤어케어,37.0946,DEMO_SIMULATION
2026-03-19,50000198,헤어케어,38.8062,DEMO_SIMULATION
2026-03-20,50000198,헤어케어,36.0102,DEMO_SIMULATION
2026-03-21,50000198,헤어케어,42.0157,DEMO_SIMULATION
2026-03-22,50000198,헤어케어,44.4641,DEMO_SIMULATION
2026-03-23,50000198,헤어케어,42.6457,DEMO_SIMULATION
2026-03-24,50000198,헤어케어,35.5194,DEMO_SIMULATION
2026-03-25,50000198,헤어케어,36.8452,DEMO_SIMULATION
2026-03-26,50000198,헤어케어,41.816,DEMO_SIMULATION
2026-03-27,50000198,헤어케어,42.8429,DEMO_SIMULATION
2026-03-28,50000198,헤어케어,38.53,DEMO_SIMULATION
2026-03-29,50000198,헤어케어,44.9546,DEMO_SIMULATION
2026-03-30,50000198,헤어케어,46.6699,DEMO_SIMULATION
2026-03-31,50000198,헤어케어,34.3966,DEMO_SIMULATION
2026-04-01,50000198,헤어케어,46.7766,DEMO_SIMULATION
2026-04-02,50000198,헤어케어,48.5328,DEMO_SIMULATION
2026-04-03,50000198,헤어케어,42.8513,DEMO_SIMULATION
2026-04-04,50000198,헤어케어,41.0736,DEMO_SIMULATION
2026-04-05,50000198,헤어케어,56.147,DEMO_SIMULATION
2026-04-06,50000198,헤어케어,50.3246,DEMO_SIMULATION
2026-04-07,50000198,헤어케어,46.1452,DEMO_SIMULATION
2026-04-08,50000198,헤어케어,48.1454,DEMO_SIMULATION
2026-04-09,50000198,헤어케어,44.1405,DEMO_SIMULATION
2026-04-10,50000198,헤어케어,50.1765,DEMO_SIMULATION
2026-04-11,50000198,헤어케어,49.4382,DEMO_SIMULATION
2026-04-12,50000198,헤어케어,54.5855,DEMO_SIMULATION
2026-04-13,50000198,헤어케어,51.7739,DEMO_SIMULATION
2026-04-14,50000198,헤어케어,42.7524,DEMO_SIMULATION
2026-04-15,50000198,헤어케어,47.2885,DEMO_SIMULATION
2026-04-16,50000198,헤어케어,50.8443,DEMO_SIMULATION
2026-04-17,50000198,헤어케어,48.6923,DEMO_SIMULATION
2026-04-18,50000198,헤어케어,50.2202,DEMO_SIMULATION
2026-04-19,50000198,헤어케어,58.2637,DEMO_SIMULATION
2026-04-20,50000198,헤어케어,53.1823,DEMO_SIMULATION
2026-04-21,50000198,헤어케어,44.1363,DEMO_SIMULATION
2026-04-22,50000198,헤어케어,49.1347,DEMO_SIMULATION
2026-04-23,50000198,헤어케어,49.525,DEMO_SIMULATION
2026-04-24,50000198,헤어케어,41.1531,DEMO_SIMULATION
2026-04-25,50000198,헤어케어,49.8316,DEMO_SIMULATION
2026-04-26,50000198,헤어케어,54.5677,DEMO_SIMULATION
2026-04-27,50000198,헤어케어,50.9026,DEMO_SIMULATION
2026-04-28,50000198,헤어케어,42.3491,DEMO_SIMULATION
2026-04-29,50000198,헤어케어,51.148,DEMO_SIMULATION
2026-04-30,50000198,헤어케어,51.3135,DEMO_SIMULATION
2026-05-01,50000198,헤어케어,53.6452,DEMO_SIMULATION
2026-05-02,50000198,헤어케어,53.7869,DEMO_SIMULATION
2026-05-03,50000198,헤어케어,65.8331,DEMO_SIMULATION
2026-05-04,50000198,헤어케어,67.8958,DEMO_SIMULATION
2026-05-05,50000198,헤어케어,57.4576,DEMO_SIMULATION
2026-05-06,50000198,헤어케어,52.8211,DEMO_SIMULATION
2026-05-07,50000198,헤어케어,54.4009,DEMO_SIMULATION
2026-05-08,50000198,헤어케어,53.7897,DEMO_SIMULATION
2026-05-09,50000198,헤어케어,58.3921,DEMO_SIMULATION
2026-05-10,50000198,헤어케어,64.9772,DEMO_SIMULATION
2026-05-11,50000198,헤어케어,59.0561,DEMO_SIMULATION
2026-05-12,50000198,헤어케어,59.4516,DEMO_SIMULATION
2026-05-13,50000198,헤어케어,51.8959,DEMO_SIMULATION
2026-05-14,50000198,헤어케어,51.7393,DEMO_SIMULATION
2026-05-15,50000198,헤어케어,57.8128,DEMO_SIMULATION
2026-05-16,50000198,헤어케어,59.6292,DEMO_SIMULATION
2026-05-17,50000198,헤어케어,67.511,DEMO_SIMULATION
2026-05-18,50000198,헤어케어,64.7027,DEMO_SIMULATION
2026-05-19,50000198,헤어케어,53.818,DEMO_SIMULATION
2026-05-20,50000198,헤어케어,51.7349,DEMO_SIMULATION
2026-05-21,50000198,헤어케어,55.3493,DEMO_SIMULATION
2026-05-22,50000198,헤어케어,56.7634,DEMO_SIMULATION
2026-05-23,50000198,헤어케어,59.7842,DEMO_SIMULATION
2026-05-24,50000198,헤어케어,65.3257,DEMO_SIMULATION
2026-05-25,50000198,헤어케어,68.6901,DEMO_SIMULATION
2026-05-26,50000198,헤어케어,55.3488,DEMO_SIMULATION
2026-05-27,50000198,헤어케어,52.6275,DEMO_SIMULATION
2026-05-28,50000198,헤어케어,59.7962,DEMO_SIMULATION
2026-05-29,50000198,헤어케어,57.8261,DEMO_SIMULATION
2026-05-30,50000198,헤어케어,59.647,DEMO_SIMULATION
2026-05-31,50000198,헤어케어,62.4545,DEMO_SIMULATION
2026-06-01,50000198,헤어케어,95.5949,DEMO_SIMULATION
2026-06-02,50000198,헤어케어,89.8012,DEMO_SIMULATION
2026-06-03,50000198,헤어케어,91.2021,DEMO_SIMULATION
2026-06-04,50000198,헤어케어,85.1082,DEMO_SIMULATION
2026-06-05,50000198,헤어케어,89.3472,DEMO_SIMULATION
2026-06-06,50000198,헤어케어,81.9434,DEMO_SIMULATION
2026-06-07,50000198,헤어케어,95.3231,DEMO_SIMULATION
2026-06-08,50000198,헤어케어,76.8404,DEMO_SIMULATION
2026-06-09,50000198,헤어케어,65.9592,DEMO_SIMULATION
2026-06-10,50000198,헤어케어,68.3508,DEMO_SIMULATION
2026-06-11,50000198,헤어케어,67.2451,DEMO_SIMULATION
2026-06-12,50000198,헤어케어,66.3182,DEMO_SIMULATION
2026-06-13,50000198,헤어케어,66.7622,DEMO_SIMULATION
2026-06-14,50000198,헤어케어,76.1636,DEMO_SIMULATION
2026-06-15,50000198,헤어케어,79.2947,DEMO_SIMULATION
2026-06-16,50000198,헤어케어,62.277,DEMO_SIMULATION
2026-06-17,50000198,헤어케어,63.3217,DEMO_SIMULATION
2026-06-18,50000198,헤어케어,71.127,DEMO_SIMULATION
2026-06-19,50000198,헤어케어,67.4798,DEMO_SIMULATION
2026-06-20,50000198,헤어케어,62.7308,DEMO_SIMULATION
2026-06-21,50000198,헤어케어,78.0965,DEMO_SIMULATION
2026-06-22,50000198,헤어케어,77.2239,DEMO_SIMULATION
2026-06-23,50000198,헤어케어,68.9936,DEMO_SIMULATION
2026-06-24,50000198,헤어케어,70.3829,DEMO_SIMULATION
2026-06-25,50000198,헤어케어,61.2919,DEMO_SIMULATION
2026-06-26,50000198,헤어케어,69.4728,DEMO_SIMULATION
2026-06-27,50000198,헤어케어,63.0451,DEMO_SIMULATION
2026-06-28,50000198,헤어케어,72.2574,DEMO_SIMULATION
2026-06-29,50000198,헤어케어,72.1779,DEMO_SIMULATION
2026-06-30,50000198,헤어케어,65.5242,DEMO_SIMULATION
2026-07-01,50000198,헤어케어,69.7481,DEMO_SIMULATION
2026-07-02,50000198,헤어케어,72.4925,DEMO_SIMULATION
2026-07-03,50000198,헤어케어,74.0292,DEMO_SIMULATION
2026-07-04,50000198,헤어케어,70.0622,DEMO_SIMULATION
2026-07-05,50000198,헤어케어,83.8402,DEMO_SIMULATION
2026-07-06,50000198,헤어케어,81.091,DEMO_SIMULATION
2026-07-07,50000198,헤어케어,72.3769,DEMO_SIMULATION
2026-07-08,50000198,헤어케어,71.9758,DEMO_SIMULATION
2026-07-09,50000198,헤어케어,72.1002,DEMO_SIMULATION
2026-07-10,50000198,헤어케어,77.485,DEMO_SIMULATION
2026-07-11,50000198,헤어케어,72.8659,DEMO_SIMULATION
2026-07-12,50000198,헤어케어,79.2937,DEMO_SIMULATION
2026-07-13,50000198,헤어케어,82.4973,DEMO_SIMULATION
2026-07-14,50000198,헤어케어,71.8916,DEMO_SIMULATION
2026-07-15,50000198,헤어케어,76.4096,DEMO_SIMULATION
2026-07-16,50000198,헤어케어,77.9657,DEMO_SIMULATION
2026-07-17,50000198,헤어케어,68.3602,DEMO_SIMULATION
2026-07-18,50000198,헤어케어,73.5785,DEMO_SIMULATION
2026-07-19,50000198,헤어케어,77.6875,DEMO_SIMULATION
2026-07-20,50000198,헤어케어,81.2209,DEMO_SIMULATION
2026-07-21,50000198,헤어케어,70.7934,DEMO_SIMULATION
2026-07-22,50000198,헤어케어,74.19,DEMO_SIMULATION
2026-07-23,50000198,헤어케어,73.5682,DEMO_SIMULATION
2026-07-24,50000198,헤어케어,73.6762,DEMO_SIMULATION
2026-07-25,50000198,헤어케어,68.8084,DEMO_SIMULATION
2026-07-26,50000198,헤어케어,81.4773,DEMO_SIMULATION
2026-07-27,50000198,헤어케어,80.1616,DEMO_SIMULATION
2026-07-28,50000198,헤어케어,68.5019,DEMO_SIMULATION
2026-07-29,50000198,헤어케어,71.5965,DEMO_SIMULATION
2026-07-30,50000198,헤어케어,72.6797,DEMO_SIMULATION
2026-07-31,50000198,헤어케어,77.2311,DEMO_SIMULATION
2026-08-01,50000198,헤어케어,76.5697,DEMO_SIMULATION
2026-08-02,50000198,헤어케어,81.2451,DEMO_SIMULATION
2026-08-03,50000198,헤어케어,80.7836,DEMO_SIMULATION
2026-08-04,50000198,헤어케어,76.5857,DEMO_SIMULATION
2026-08-05,50000198,헤어케어,75.8659,DEMO_SIMULATION
2026-08-06,50000198,헤어케어,77.0526,DEMO_SIMULATION
2026-08-07,50000198,헤어케어,79.3008,DEMO_SIMULATION
2026-08-08,50000198,헤어케어,78.6114,DEMO_SIMULATION
2026-08-09,50000198,헤어케어,82.4318,DEMO_SIMULATION
2026-08-10,50000198,헤어케어,87.8529,DEMO_SIMULATION
2026-08-11,50000198,헤어케어,71.6349,DEMO_SIMULATION
2026-08-12,50000198,헤어케어,71.8455,DEMO_SIMULATION
2026-08-13,50000198,헤어케어,75.0138,DEMO_SIMULATION
2026-08-14,50000198,헤어케어,70.7696,DEMO_SIMULATION
2026-08-15,50000198,헤어케어,78.7742,DEMO_SIMULATION
2026-08-16,50000198,헤어케어,81.4714,DEMO_SIMULATION
2026-08-17,50000198,헤어케어,80.9788,DEMO_SIMULATION
2026-08-18,50000198,헤어케어,78.7139,DEMO_SIMULATION
2026-08-19,50000198,헤어케어,77.2618,DEMO_SIMULATION
2026-08-20,50000198,헤어케어,72.8739,DEMO_SIMULATION
2026-08-21,50000198,헤어케어,76.5077,DEMO_SIMULATION
2026-08-22,50000198,헤어케어,70.9214,DEMO_SIMULATION
2026-08-23,50000198,헤어케어,80.6987,DEMO_SIMULATION
2026-08-24,50000198,헤어케어,87.2173,DEMO_SIMULATION
2026-08-25,50000198,헤어케어,71.9513,DEMO_SIMULATION
2026-08-26,50000198,헤어케어,78.0911,DEMO_SIMULATION
2026-08-27,50000198,헤어케어,80.9439,DEMO_SIMULATION
2026-08-28,50000198,헤어케어,75.2202,DEMO_SIMULATION
2026-08-29,50000198,헤어케어,72.0163,DEMO_SIMULATION
2026-08-30,50000198,헤어케어,84.1318,DEMO_SIMULATION
2026-08-31,50000198,헤어케어,88.9194,DEMO_SIMULATION
2026-09-01,50000198,헤어케어,95.9971,DEMO_SIMULATION
2026-09-02,50000198,헤어케어,91.5789,DEMO_SIMULATION
2026-09-03,50000198,헤어케어,91.7157,DEMO_SIMULATION
2026-09-04,50000198,헤어케어,88.881,DEMO_SIMULATION
2026-09-05,50000198,헤어케어,95.3911,DEMO_SIMULATION
2026-09-06,50000198,헤어케어,97.3965,DEMO_SIMULATION
2026-09-07,50000198,헤어케어,100.0,DEMO_SIMULATION
2026-09-08,50000198,헤어케어,76.5315,DEMO_SIMULATION
2025-09-09,50000002,화장품/미용(전체),49.691,DEMO_SIMULATION
2025-09-10,50000002,화장품/미용(전체),49.0456,DEMO_SIMULATION
2025-09-11,50000002,화장품/미용(전체),48.3981,DEMO_SIMULATION
2025-09-12,50000002,화장품/미용(전체),46.6131,DEMO_SIMULATION
2025-09-13,50000002,화장품/미용(전체),54.0528,DEMO_SIMULATION
2025-09-14,50000002,화장품/미용(전체),54.5942,DEMO_SIMULATION
2025-09-15,50000002,화장품/미용(전체),56.2713,DEMO_SIMULATION
2025-09-16,50000002,화장품/미용(전체),50.6644,DEMO_SIMULATION
2025-09-17,50000002,화장품/미용(전체),48.6138,DEMO_SIMULATION
2025-09-18,50000002,화장품/미용(전체),47.5481,DEMO_SIMULATION
2025-09-19,50000002,화장품/미용(전체),48.0095,DEMO_SIMULATION
2025-09-20,50000002,화장품/미용(전체),51.7877,DEMO_SIMULATION
2025-09-21,50000002,화장품/미용(전체),52.8998,DEMO_SIMULATION
2025-09-22,50000002,화장품/미용(전체),53.1283,DEMO_SIMULATION
2025-09-23,50000002,화장품/미용(전체),49.8121,DEMO_SIMULATION
2025-09-24,50000002,화장품/미용(전체),47.4382,DEMO_SIMULATION
2025-09-25,50000002,화장품/미용(전체),48.6102,DEMO_SIMULATION
2025-09-26,50000002,화장품/미용(전체),46.3986,DEMO_SIMULATION
2025-09-27,50000002,화장품/미용(전체),47.1864,DEMO_SIMULATION
2025-09-28,50000002,화장품/미용(전체),57.6851,DEMO_SIMULATION
2025-09-29,50000002,화장품/미용(전체),54.4313,DEMO_SIMULATION
2025-09-30,50000002,화장품/미용(전체),47.0694,DEMO_SIMULATION
2025-10-01,50000002,화장품/미용(전체),41.1901,DEMO_SIMULATION
2025-10-02,50000002,화장품/미용(전체),44.2573,DEMO_SIMULATION
2025-10-03,50000002,화장품/미용(전체),39.6517,DEMO_SIMULATION
2025-10-04,50000002,화장품/미용(전체),46.386,DEMO_SIMULATION
2025-10-05,50000002,화장품/미용(전체),45.6907,DEMO_SIMULATION
2025-10-06,50000002,화장품/미용(전체),50.8099,DEMO_SIMULATION
2025-10-07,50000002,화장품/미용(전체),38.9644,DEMO_SIMULATION
2025-10-08,50000002,화장품/미용(전체),45.2177,DEMO_SIMULATION
2025-10-09,50000002,화장품/미용(전체),43.7534,DEMO_SIMULATION
2025-10-10,50000002,화장품/미용(전체),40.7399,DEMO_SIMULATION
2025-10-11,50000002,화장품/미용(전체),43.1665,DEMO_SIMULATION
2025-10-12,50000002,화장품/미용(전체),52.0499,DEMO_SIMULATION
2025-10-13,50000002,화장품/미용(전체),51.1558,DEMO_SIMULATION
2025-10-14,50000002,화장품/미용(전체),42.9672,DEMO_SIMULATION
2025-10-15,50000002,화장품/미용(전체),44.6556,DEMO_SIMULATION
2025-10-16,50000002,화장품/미용(전체),46.2976,DEMO_SIMULATION
2025-10-17,50000002,화장품/미용(전체),46.2392,DEMO_SIMULATION
2025-10-18,50000002,화장품/미용(전체),42.0962,DEMO_SIMULATION
2025-10-19,50000002,화장품/미용(전체),51.8978,DEMO_SIMULATION
2025-10-20,50000002,화장품/미용(전체),52.7402,DEMO_SIMULATION
2025-10-21,50000002,화장품/미용(전체),40.7063,DEMO_SIMULATION
2025-10-22,50000002,화장품/미용(전체),45.7735,DEMO_SIMULATION
2025-10-23,50000002,화장품/미용(전체),38.9582,DEMO_SIMULATION
2025-10-24,50000002,화장품/미용(전체),42.7395,DEMO_SIMULATION
2025-10-25,50000002,화장품/미용(전체),46.4378,DEMO_SIMULATION
2025-10-26,50000002,화장품/미용(전체),52.6543,DEMO_SIMULATION
2025-10-27,50000002,화장품/미용(전체),48.3942,DEMO_SIMULATION
2025-10-28,50000002,화장품/미용(전체),45.1896,DEMO_SIMULATION
2025-10-29,50000002,화장품/미용(전체),46.5247,DEMO_SIMULATION
2025-10-30,50000002,화장품/미용(전체),41.0712,DEMO_SIMULATION
2025-10-31,50000002,화장품/미용(전체),40.3254,DEMO_SIMULATION
2025-11-01,50000002,화장품/미용(전체),42.4448,DEMO_SIMULATION
2025-11-02,50000002,화장품/미용(전체),43.7687,DEMO_SIMULATION
2025-11-03,50000002,화장품/미용(전체),43.0445,DEMO_SIMULATION
2025-11-04,50000002,화장품/미용(전체),37.9608,DEMO_SIMULATION
2025-11-05,50000002,화장품/미용(전체),36.6767,DEMO_SIMULATION
2025-11-06,50000002,화장품/미용(전체),38.0929,DEMO_SIMULATION
2025-11-07,50000002,화장품/미용(전체),38.1008,DEMO_SIMULATION
2025-11-08,50000002,화장품/미용(전체),41.0152,DEMO_SIMULATION
2025-11-09,50000002,화장품/미용(전체),45.1783,DEMO_SIMULATION
2025-11-10,50000002,화장품/미용(전체),46.1359,DEMO_SIMULATION
2025-11-11,50000002,화장품/미용(전체),41.4167,DEMO_SIMULATION
2025-11-12,50000002,화장품/미용(전체),36.2801,DEMO_SIMULATION
2025-11-13,50000002,화장품/미용(전체),41.9756,DEMO_SIMULATION
2025-11-14,50000002,화장품/미용(전체),44.1228,DEMO_SIMULATION
2025-11-15,50000002,화장품/미용(전체),42.5745,DEMO_SIMULATION
2025-11-16,50000002,화장품/미용(전체),47.3557,DEMO_SIMULATION
2025-11-17,50000002,화장품/미용(전체),44.0434,DEMO_SIMULATION
2025-11-18,50000002,화장품/미용(전체),43.4799,DEMO_SIMULATION
2025-11-19,50000002,화장품/미용(전체),36.2362,DEMO_SIMULATION
2025-11-20,50000002,화장품/미용(전체),43.4633,DEMO_SIMULATION
2025-11-21,50000002,화장품/미용(전체),38.9783,DEMO_SIMULATION
2025-11-22,50000002,화장품/미용(전체),39.9985,DEMO_SIMULATION
2025-11-23,50000002,화장품/미용(전체),48.2025,DEMO_SIMULATION
2025-11-24,50000002,화장품/미용(전체),42.3795,DEMO_SIMULATION
2025-11-25,50000002,화장품/미용(전체),41.0158,DEMO_SIMULATION
2025-11-26,50000002,화장품/미용(전체),43.0683,DEMO_SIMULATION
2025-11-27,50000002,화장품/미용(전체),43.6296,DEMO_SIMULATION
2025-11-28,50000002,화장품/미용(전체),37.7388,DEMO_SIMULATION
2025-11-29,50000002,화장품/미용(전체),39.5344,DEMO_SIMULATION
2025-11-30,50000002,화장품/미용(전체),49.714,DEMO_SIMULATION
2025-12-01,50000002,화장품/미용(전체),61.2835,DEMO_SIMULATION
2025-12-02,50000002,화장품/미용(전체),61.4745,DEMO_SIMULATION
2025-12-03,50000002,화장품/미용(전체),60.98,DEMO_SIMULATION
2025-12-04,50000002,화장품/미용(전체),55.8024,DEMO_SIMULATION
2025-12-05,50000002,화장품/미용(전체),59.1947,DEMO_SIMULATION
2025-12-06,50000002,화장품/미용(전체),56.1402,DEMO_SIMULATION
2025-12-07,50000002,화장품/미용(전체),60.6065,DEMO_SIMULATION
2025-12-08,50000002,화장품/미용(전체),51.3032,DEMO_SIMULATION
2025-12-09,50000002,화장품/미용(전체),45.5011,DEMO_SIMULATION
2025-12-10,50000002,화장품/미용(전체),41.5319,DEMO_SIMULATION
2025-12-11,50000002,화장품/미용(전체),41.5243,DEMO_SIMULATION
2025-12-12,50000002,화장품/미용(전체),39.2756,DEMO_SIMULATION
2025-12-13,50000002,화장품/미용(전체),41.8763,DEMO_SIMULATION
2025-12-14,50000002,화장품/미용(전체),52.5654,DEMO_SIMULATION
2025-12-15,50000002,화장품/미용(전체),50.9736,DEMO_SIMULATION
2025-12-16,50000002,화장품/미용(전체),38.9141,DEMO_SIMULATION
2025-12-17,50000002,화장품/미용(전체),40.5398,DEMO_SIMULATION
2025-12-18,50000002,화장품/미용(전체),42.6641,DEMO_SIMULATION
2025-12-19,50000002,화장품/미용(전체),42.8248,DEMO_SIMULATION
2025-12-20,50000002,화장품/미용(전체),41.5503,DEMO_SIMULATION
2025-12-21,50000002,화장품/미용(전체),52.3782,DEMO_SIMULATION
2025-12-22,50000002,화장품/미용(전체),47.5615,DEMO_SIMULATION
2025-12-23,50000002,화장품/미용(전체),41.4523,DEMO_SIMULATION
2025-12-24,50000002,화장품/미용(전체),44.8571,DEMO_SIMULATION
2025-12-25,50000002,화장품/미용(전체),46.1586,DEMO_SIMULATION
2025-12-26,50000002,화장품/미용(전체),39.3608,DEMO_SIMULATION
2025-12-27,50000002,화장품/미용(전체),42.0698,DEMO_SIMULATION
2025-12-28,50000002,화장품/미용(전체),52.3864,DEMO_SIMULATION
2025-12-29,50000002,화장품/미용(전체),47.5548,DEMO_SIMULATION
2025-12-30,50000002,화장품/미용(전체),44.6398,DEMO_SIMULATION
2025-12-31,50000002,화장품/미용(전체),46.7595,DEMO_SIMULATION
2026-01-01,50000002,화장품/미용(전체),47.214,DEMO_SIMULATION
2026-01-02,50000002,화장품/미용(전체),52.0589,DEMO_SIMULATION
2026-01-03,50000002,화장품/미용(전체),52.3353,DEMO_SIMULATION
2026-01-04,50000002,화장품/미용(전체),56.3174,DEMO_SIMULATION
2026-01-05,50000002,화장품/미용(전체),59.6774,DEMO_SIMULATION
2026-01-06,50000002,화장품/미용(전체),52.8211,DEMO_SIMULATION
2026-01-07,50000002,화장품/미용(전체),50.0241,DEMO_SIMULATION
2026-01-08,50000002,화장품/미용(전체),47.0263,DEMO_SIMULATION
2026-01-09,50000002,화장품/미용(전체),49.6192,DEMO_SIMULATION
2026-01-10,50000002,화장품/미용(전체),48.6813,DEMO_SIMULATION
2026-01-11,50000002,화장품/미용(전체),57.808,DEMO_SIMULATION
2026-01-12,50000002,화장품/미용(전체),54.2281,DEMO_SIMULATION
2026-01-13,50000002,화장품/미용(전체),53.6831,DEMO_SIMULATION
2026-01-14,50000002,화장품/미용(전체),50.5592,DEMO_SIMULATION
2026-01-15,50000002,화장품/미용(전체),48.6087,DEMO_SIMULATION
2026-01-16,50000002,화장품/미용(전체),52.4945,DEMO_SIMULATION
2026-01-17,50000002,화장품/미용(전체),50.6996,DEMO_SIMULATION
2026-01-18,50000002,화장품/미용(전체),56.6742,DEMO_SIMULATION
2026-01-19,50000002,화장품/미용(전체),56.7588,DEMO_SIMULATION
2026-01-20,50000002,화장품/미용(전체),51.3981,DEMO_SIMULATION
2026-01-21,50000002,화장품/미용(전체),47.6304,DEMO_SIMULATION
2026-01-22,50000002,화장품/미용(전체),51.5055,DEMO_SIMULATION
2026-01-23,50000002,화장품/미용(전체),53.7154,DEMO_SIMULATION
2026-01-24,50000002,화장품/미용(전체),54.1037,DEMO_SIMULATION
2026-01-25,50000002,화장품/미용(전체),57.9477,DEMO_SIMULATION
2026-01-26,50000002,화장품/미용(전체),57.8981,DEMO_SIMULATION
2026-01-27,50000002,화장품/미용(전체),49.9605,DEMO_SIMULATION
2026-01-28,50000002,화장품/미용(전체),53.6076,DEMO_SIMULATION
2026-01-29,50000002,화장품/미용(전체),49.9303,DEMO_SIMULATION
2026-01-30,50000002,화장품/미용(전체),48.2977,DEMO_SIMULATION
2026-01-31,50000002,화장품/미용(전체),48.6395,DEMO_SIMULATION
2026-02-01,50000002,화장품/미용(전체),64.8549,DEMO_SIMULATION
2026-02-02,50000002,화장품/미용(전체),69.6452,DEMO_SIMULATION
2026-02-03,50000002,화장품/미용(전체),56.6343,DEMO_SIMULATION
2026-02-04,50000002,화장품/미용(전체),57.5961,DEMO_SIMULATION
2026-02-05,50000002,화장품/미용(전체),60.079,DEMO_SIMULATION
2026-02-06,50000002,화장품/미용(전체),58.1101,DEMO_SIMULATION
2026-02-07,50000002,화장품/미용(전체),57.8793,DEMO_SIMULATION
2026-02-08,50000002,화장품/미용(전체),62.4219,DEMO_SIMULATION
2026-02-09,50000002,화장품/미용(전체),64.7778,DEMO_SIMULATION
2026-02-10,50000002,화장품/미용(전체),62.868,DEMO_SIMULATION
2026-02-11,50000002,화장품/미용(전체),63.2371,DEMO_SIMULATION
2026-02-12,50000002,화장품/미용(전체),56.9312,DEMO_SIMULATION
2026-02-13,50000002,화장품/미용(전체),61.4416,DEMO_SIMULATION
2026-02-14,50000002,화장품/미용(전체),60.6673,DEMO_SIMULATION
2026-02-15,50000002,화장품/미용(전체),70.1477,DEMO_SIMULATION
2026-02-16,50000002,화장품/미용(전체),64.944,DEMO_SIMULATION
2026-02-17,50000002,화장품/미용(전체),57.6658,DEMO_SIMULATION
2026-02-18,50000002,화장품/미용(전체),56.8601,DEMO_SIMULATION
2026-02-19,50000002,화장품/미용(전체),63.6978,DEMO_SIMULATION
2026-02-20,50000002,화장품/미용(전체),58.2382,DEMO_SIMULATION
2026-02-21,50000002,화장품/미용(전체),64.0779,DEMO_SIMULATION
2026-02-22,50000002,화장품/미용(전체),65.7239,DEMO_SIMULATION
2026-02-23,50000002,화장품/미용(전체),67.1181,DEMO_SIMULATION
2026-02-24,50000002,화장품/미용(전체),59.8401,DEMO_SIMULATION
2026-02-25,50000002,화장품/미용(전체),63.9856,DEMO_SIMULATION
2026-02-26,50000002,화장품/미용(전체),58.9356,DEMO_SIMULATION
2026-02-27,50000002,화장품/미용(전체),63.2845,DEMO_SIMULATION
2026-02-28,50000002,화장품/미용(전체),63.9877,DEMO_SIMULATION
2026-03-01,50000002,화장품/미용(전체),91.4625,DEMO_SIMULATION
2026-03-02,50000002,화장품/미용(전체),89.0988,DEMO_SIMULATION
2026-03-03,50000002,화장품/미용(전체),87.6716,DEMO_SIMULATION
2026-03-04,50000002,화장품/미용(전체),87.0905,DEMO_SIMULATION
2026-03-05,50000002,화장품/미용(전체),85.3925,DEMO_SIMULATION
2026-03-06,50000002,화장품/미용(전체),83.3996,DEMO_SIMULATION
2026-03-07,50000002,화장품/미용(전체),83.9538,DEMO_SIMULATION
2026-03-08,50000002,화장품/미용(전체),79.7451,DEMO_SIMULATION
2026-03-09,50000002,화장품/미용(전체),75.5544,DEMO_SIMULATION
2026-03-10,50000002,화장품/미용(전체),69.3823,DEMO_SIMULATION
2026-03-11,50000002,화장품/미용(전체),72.9588,DEMO_SIMULATION
2026-03-12,50000002,화장품/미용(전체),68.5538,DEMO_SIMULATION
2026-03-13,50000002,화장품/미용(전체),74.3208,DEMO_SIMULATION
2026-03-14,50000002,화장품/미용(전체),73.6955,DEMO_SIMULATION
2026-03-15,50000002,화장품/미용(전체),77.6811,DEMO_SIMULATION
2026-03-16,50000002,화장품/미용(전체),75.8584,DEMO_SIMULATION
2026-03-17,50000002,화장품/미용(전체),67.6717,DEMO_SIMULATION
2026-03-18,50000002,화장품/미용(전체),66.346,DEMO_SIMULATION
2026-03-19,50000002,화장품/미용(전체),69.6937,DEMO_SIMULATION
2026-03-20,50000002,화장품/미용(전체),74.0255,DEMO_SIMULATION
2026-03-21,50000002,화장품/미용(전체),67.85,DEMO_SIMULATION
2026-03-22,50000002,화장품/미용(전체),72.7161,DEMO_SIMULATION
2026-03-23,50000002,화장품/미용(전체),79.69,DEMO_SIMULATION
2026-03-24,50000002,화장품/미용(전체),69.8255,DEMO_SIMULATION
2026-03-25,50000002,화장품/미용(전체),71.7855,DEMO_SIMULATION
2026-03-26,50000002,화장품/미용(전체),72.5098,DEMO_SIMULATION
2026-03-27,50000002,화장품/미용(전체),67.8613,DEMO_SIMULATION
2026-03-28,50000002,화장품/미용(전체),72.3961,DEMO_SIMULATION
2026-03-29,50000002,화장품/미용(전체),77.9447,DEMO_SIMULATION
2026-03-30,50000002,화장품/미용(전체),75.3391,DEMO_SIMULATION
2026-03-31,50000002,화장품/미용(전체),74.3225,DEMO_SIMULATION
2026-04-01,50000002,화장품/미용(전체),75.2702,DEMO_SIMULATION
2026-04-02,50000002,화장품/미용(전체),80.4315,DEMO_SIMULATION
2026-04-03,50000002,화장품/미용(전체),76.8396,DEMO_SIMULATION
2026-04-04,50000002,화장품/미용(전체),79.5699,DEMO_SIMULATION
2026-04-05,50000002,화장품/미용(전체),79.7585,DEMO_SIMULATION
2026-04-06,50000002,화장품/미용(전체),81.4841,DEMO_SIMULATION
2026-04-07,50000002,화장품/미용(전체),79.6585,DEMO_SIMULATION
2026-04-08,50000002,화장품/미용(전체),76.1324,DEMO_SIMULATION
2026-04-09,50000002,화장품/미용(전체),78.336,DEMO_SIMULATION
2026-04-10,50000002,화장품/미용(전체),80.691,DEMO_SIMULATION
2026-04-11,50000002,화장품/미용(전체),73.7416,DEMO_SIMULATION
2026-04-12,50000002,화장품/미용(전체),83.7502,DEMO_SIMULATION
2026-04-13,50000002,화장품/미용(전체),81.0517,DEMO_SIMULATION
2026-04-14,50000002,화장품/미용(전체),81.6693,DEMO_SIMULATION
2026-04-15,50000002,화장품/미용(전체),79.0566,DEMO_SIMULATION
2026-04-16,50000002,화장품/미용(전체),74.253,DEMO_SIMULATION
2026-04-17,50000002,화장품/미용(전체),81.3649,DEMO_SIMULATION
2026-04-18,50000002,화장품/미용(전체),73.9744,DEMO_SIMULATION
2026-04-19,50000002,화장품/미용(전체),84.6895,DEMO_SIMULATION
2026-04-20,50000002,화장품/미용(전체),86.8764,DEMO_SIMULATION
2026-04-21,50000002,화장품/미용(전체),77.6473,DEMO_SIMULATION
2026-04-22,50000002,화장품/미용(전체),80.5479,DEMO_SIMULATION
2026-04-23,50000002,화장품/미용(전체),79.8985,DEMO_SIMULATION
2026-04-24,50000002,화장품/미용(전체),75.4324,DEMO_SIMULATION
2026-04-25,50000002,화장품/미용(전체),77.4224,DEMO_SIMULATION
2026-04-26,50000002,화장품/미용(전체),87.6317,DEMO_SIMULATION
2026-04-27,50000002,화장품/미용(전체),87.1577,DEMO_SIMULATION
2026-04-28,50000002,화장품/미용(전체),81.6325,DEMO_SIMULATION
2026-04-29,50000002,화장품/미용(전체),78.2477,DEMO_SIMULATION
2026-04-30,50000002,화장품/미용(전체),79.1966,DEMO_SIMULATION
2026-05-01,50000002,화장품/미용(전체),82.9745,DEMO_SIMULATION
2026-05-02,50000002,화장품/미용(전체),80.8798,DEMO_SIMULATION
2026-05-03,50000002,화장품/미용(전체),86.5806,DEMO_SIMULATION
2026-05-04,50000002,화장품/미용(전체),83.372,DEMO_SIMULATION
2026-05-05,50000002,화장품/미용(전체),83.0144,DEMO_SIMULATION
2026-05-06,50000002,화장품/미용(전체),76.9534,DEMO_SIMULATION
2026-05-07,50000002,화장품/미용(전체),82.215,DEMO_SIMULATION
2026-05-08,50000002,화장품/미용(전체),80.8122,DEMO_SIMULATION
2026-05-09,50000002,화장품/미용(전체),77.6884,DEMO_SIMULATION
2026-05-10,50000002,화장품/미용(전체),88.9931,DEMO_SIMULATION
2026-05-11,50000002,화장품/미용(전체),86.7756,DEMO_SIMULATION
2026-05-12,50000002,화장품/미용(전체),80.462,DEMO_SIMULATION
2026-05-13,50000002,화장품/미용(전체),80.0909,DEMO_SIMULATION
2026-05-14,50000002,화장품/미용(전체),77.6535,DEMO_SIMULATION
2026-05-15,50000002,화장품/미용(전체),79.2078,DEMO_SIMULATION
2026-05-16,50000002,화장품/미용(전체),80.1835,DEMO_SIMULATION
2026-05-17,50000002,화장품/미용(전체),82.5461,DEMO_SIMULATION
2026-05-18,50000002,화장품/미용(전체),90.1759,DEMO_SIMULATION
2026-05-19,50000002,화장품/미용(전체),79.9659,DEMO_SIMULATION
2026-05-20,50000002,화장품/미용(전체),80.2141,DEMO_SIMULATION
2026-05-21,50000002,화장품/미용(전체),81.4296,DEMO_SIMULATION
2026-05-22,50000002,화장품/미용(전체),78.2783,DEMO_SIMULATION
2026-05-23,50000002,화장품/미용(전체),84.0514,DEMO_SIMULATION
2026-05-24,50000002,화장품/미용(전체),84.1769,DEMO_SIMULATION
2026-05-25,50000002,화장품/미용(전체),89.0054,DEMO_SIMULATION
2026-05-26,50000002,화장품/미용(전체),77.0759,DEMO_SIMULATION
2026-05-27,50000002,화장품/미용(전체),79.9721,DEMO_SIMULATION
2026-05-28,50000002,화장품/미용(전체),80.8526,DEMO_SIMULATION
2026-05-29,50000002,화장품/미용(전체),80.48,DEMO_SIMULATION
2026-05-30,50000002,화장품/미용(전체),82.2616,DEMO_SIMULATION
2026-05-31,50000002,화장품/미용(전체),82.5064,DEMO_SIMULATION
2026-06-01,50000002,화장품/미용(전체),98.6485,DEMO_SIMULATION
2026-06-02,50000002,화장품/미용(전체),94.1388,DEMO_SIMULATION
2026-06-03,50000002,화장품/미용(전체),91.8709,DEMO_SIMULATION
2026-06-04,50000002,화장품/미용(전체),93.3113,DEMO_SIMULATION
2026-06-05,50000002,화장품/미용(전체),95.0088,DEMO_SIMULATION
2026-06-06,50000002,화장품/미용(전체),89.9214,DEMO_SIMULATION
2026-06-07,50000002,화장품/미용(전체),100.0,DEMO_SIMULATION
2026-06-08,50000002,화장품/미용(전체),86.181,DEMO_SIMULATION
2026-06-09,50000002,화장품/미용(전체),75.7511,DEMO_SIMULATION
2026-06-10,50000002,화장품/미용(전체),80.154,DEMO_SIMULATION
2026-06-11,50000002,화장품/미용(전체),78.6335,DEMO_SIMULATION
2026-06-12,50000002,화장품/미용(전체),78.3779,DEMO_SIMULATION
2026-06-13,50000002,화장품/미용(전체),80.1161,DEMO_SIMULATION
2026-06-14,50000002,화장품/미용(전체),83.5408,DEMO_SIMULATION
2026-06-15,50000002,화장품/미용(전체),84.3426,DEMO_SIMULATION
2026-06-16,50000002,화장품/미용(전체),79.7492,DEMO_SIMULATION
2026-06-17,50000002,화장품/미용(전체),77.8006,DEMO_SIMULATION
2026-06-18,50000002,화장품/미용(전체),78.3957,DEMO_SIMULATION
2026-06-19,50000002,화장품/미용(전체),81.3899,DEMO_SIMULATION
2026-06-20,50000002,화장품/미용(전체),80.8504,DEMO_SIMULATION
2026-06-21,50000002,화장품/미용(전체),85.2265,DEMO_SIMULATION
2026-06-22,50000002,화장품/미용(전체),85.7406,DEMO_SIMULATION
2026-06-23,50000002,화장품/미용(전체),74.8947,DEMO_SIMULATION
2026-06-24,50000002,화장품/미용(전체),77.7814,DEMO_SIMULATION
2026-06-25,50000002,화장품/미용(전체),77.1342,DEMO_SIMULATION
2026-06-26,50000002,화장품/미용(전체),74.8685,DEMO_SIMULATION
2026-06-27,50000002,화장품/미용(전체),79.975,DEMO_SIMULATION
2026-06-28,50000002,화장품/미용(전체),87.2093,DEMO_SIMULATION
2026-06-29,50000002,화장품/미용(전체),83.4109,DEMO_SIMULATION
2026-06-30,50000002,화장품/미용(전체),77.1746,DEMO_SIMULATION
2026-07-01,50000002,화장품/미용(전체),74.3153,DEMO_SIMULATION
2026-07-02,50000002,화장품/미용(전체),73.6143,DEMO_SIMULATION
2026-07-03,50000002,화장품/미용(전체),71.956,DEMO_SIMULATION
2026-07-04,50000002,화장품/미용(전체),69.8093,DEMO_SIMULATION
2026-07-05,50000002,화장품/미용(전체),79.5175,DEMO_SIMULATION
2026-07-06,50000002,화장품/미용(전체),78.3839,DEMO_SIMULATION
2026-07-07,50000002,화장품/미용(전체),70.4534,DEMO_SIMULATION
2026-07-08,50000002,화장품/미용(전체),69.6484,DEMO_SIMULATION
2026-07-09,50000002,화장품/미용(전체),67.2227,DEMO_SIMULATION
2026-07-10,50000002,화장품/미용(전체),69.1684,DEMO_SIMULATION
2026-07-11,50000002,화장품/미용(전체),70.9664,DEMO_SIMULATION
2026-07-12,50000002,화장품/미용(전체),77.5515,DEMO_SIMULATION
2026-07-13,50000002,화장품/미용(전체),78.373,DEMO_SIMULATION
2026-07-14,50000002,화장품/미용(전체),66.9233,DEMO_SIMULATION
2026-07-15,50000002,화장품/미용(전체),68.9011,DEMO_SIMULATION
2026-07-16,50000002,화장품/미용(전체),73.4614,DEMO_SIMULATION
2026-07-17,50000002,화장품/미용(전체),70.5935,DEMO_SIMULATION
2026-07-18,50000002,화장품/미용(전체),73.4712,DEMO_SIMULATION
2026-07-19,50000002,화장품/미용(전체),78.3721,DEMO_SIMULATION
2026-07-20,50000002,화장품/미용(전체),74.1821,DEMO_SIMULATION
2026-07-21,50000002,화장품/미용(전체),67.4201,DEMO_SIMULATION
2026-07-22,50000002,화장품/미용(전체),73.1803,DEMO_SIMULATION
2026-07-23,50000002,화장품/미용(전체),72.5159,DEMO_SIMULATION
2026-07-24,50000002,화장품/미용(전체),73.5447,DEMO_SIMULATION
2026-07-25,50000002,화장품/미용(전체),68.7541,DEMO_SIMULATION
2026-07-26,50000002,화장품/미용(전체),77.9703,DEMO_SIMULATION
2026-07-27,50000002,화장품/미용(전체),77.7784,DEMO_SIMULATION
2026-07-28,50000002,화장품/미용(전체),67.7622,DEMO_SIMULATION
2026-07-29,50000002,화장품/미용(전체),72.5886,DEMO_SIMULATION
2026-07-30,50000002,화장품/미용(전체),72.3643,DEMO_SIMULATION
2026-07-31,50000002,화장품/미용(전체),72.8146,DEMO_SIMULATION
2026-08-01,50000002,화장품/미용(전체),62.0398,DEMO_SIMULATION
2026-08-02,50000002,화장품/미용(전체),64.5373,DEMO_SIMULATION
2026-08-03,50000002,화장품/미용(전체),67.6708,DEMO_SIMULATION
2026-08-04,50000002,화장품/미용(전체),58.1572,DEMO_SIMULATION
2026-08-05,50000002,화장품/미용(전체),60.4622,DEMO_SIMULATION
2026-08-06,50000002,화장품/미용(전체),56.4242,DEMO_SIMULATION
2026-08-07,50000002,화장품/미용(전체),62.3414,DEMO_SIMULATION
2026-08-08,50000002,화장품/미용(전체),61.7054,DEMO_SIMULATION
2026-08-09,50000002,화장품/미용(전체),69.1775,DEMO_SIMULATION
2026-08-10,50000002,화장품/미용(전체),64.966,DEMO_SIMULATION
2026-08-11,50000002,화장품/미용(전체),58.1808,DEMO_SIMULATION
2026-08-12,50000002,화장품/미용(전체),61.2544,DEMO_SIMULATION
2026-08-13,50000002,화장품/미용(전체),62.7868,DEMO_SIMULATION
2026-08-14,50000002,화장품/미용(전체),58.2106,DEMO_SIMULATION
2026-08-15,50000002,화장품/미용(전체),60.2586,DEMO_SIMULATION
2026-08-16,50000002,화장품/미용(전체),65.0888,DEMO_SIMULATION
2026-08-17,50000002,화장품/미용(전체),67.1233,DEMO_SIMULATION
2026-08-18,50000002,화장품/미용(전체),60.9887,DEMO_SIMULATION
2026-08-19,50000002,화장품/미용(전체),57.9961,DEMO_SIMULATION
2026-08-20,50000002,화장품/미용(전체),56.9292,DEMO_SIMULATION
2026-08-21,50000002,화장품/미용(전체),59.7282,DEMO_SIMULATION
2026-08-22,50000002,화장품/미용(전체),60.7949,DEMO_SIMULATION
2026-08-23,50000002,화장품/미용(전체),66.1192,DEMO_SIMULATION
2026-08-24,50000002,화장품/미용(전체),67.3731,DEMO_SIMULATION
2026-08-25,50000002,화장품/미용(전체),64.0609,DEMO_SIMULATION
2026-08-26,50000002,화장품/미용(전체),63.4339,DEMO_SIMULATION
2026-08-27,50000002,화장품/미용(전체),60.0766,DEMO_SIMULATION
2026-08-28,50000002,화장품/미용(전체),62.0207,DEMO_SIMULATION
2026-08-29,50000002,화장품/미용(전체),61.4892,DEMO_SIMULATION
2026-08-30,50000002,화장품/미용(전체),66.5078,DEMO_SIMULATION
2026-08-31,50000002,화장품/미용(전체),69.8348,DEMO_SIMULATION
2026-09-01,50000002,화장품/미용(전체),66.8229,DEMO_SIMULATION
2026-09-02,50000002,화장품/미용(전체),62.2697,DEMO_SIMULATION
2026-09-03,50000002,화장품/미용(전체),63.4157,DEMO_SIMULATION
2026-09-04,50000002,화장품/미용(전체),66.2369,DEMO_SIMULATION
2026-09-05,50000002,화장품/미용(전체),64.2574,DEMO_SIMULATION
2026-09-06,50000002,화장품/미용(전체),71.5266,DEMO_SIMULATION
2026-09-07,50000002,화장품/미용(전체),73.3097,DEMO_SIMULATION
2026-09-08,50000002,화장품/미용(전체),51.6362,DEMO_SIMULATION
